CityObject,Zone
<http://localhost/berlin/cityobject/UUID_bafb467e-d48a-4bd3-9ccc-f395408a5d32/>,COMMERCIAL
<http://localhost/berlin/cityobject/UUID_cee3b7b5-ec45-4571-941f-18fabdc79956/>,COMMERCIAL
<http://localhost/berlin/cityobject/UUID_a46514e7-4320-4af7-9bb9-86585dae2a27/>,WHITE
<http://localhost/berlin/cityobject/UUID_1061a945-a353-4736-b3b0-72199602a53b/>,COMMERCIAL
<http://localhost/berlin/cityobject/UUID_32f58feb-b61e-427f-a9ad-14ccf27357de/>,COMMERCIAL
<http://localhost/berlin/cityobject/UUID_24109bcd-18fa-4398-a6df-0b93cf10ce9e/>,COMMERCIAL
<http://localhost/berlin/cityobject/UUID_0f80123c-5946-4ebd-9e53-8712147310f7/>,COMMERCIAL
<http://localhost/berlin/cityobject/UUID_32291b0c-fe00-4d0c-b3c9-69633420634a/>,WHITE
<http://localhost/berlin/cityobject/UUID_4e2b4e21-89f0-4eef-ba22-e1d5a97c5bff/>,COMMERCIAL
<http://localhost/berlin/cityobject/UUID_68280943-7ac7-4090-8e62-672e4058ed25/>,COMMERCIAL
<http://localhost/berlin/cityobject/UUID_5ff09a45-3650-4fd9-b939-f4915149277d/>,COMMERCIAL
<http://localhost/berlin/cityobject/UUID_f07cca78-d3a0-40e9-b13e-3b6da358db39/>,COMMERCIAL
<http://localhost/berlin/cityobject/UUID_4081f98e-6ca5-498a-be3d-6310e62d6157/>,COMMERCIAL
<http://localhost/berlin/cityobject/UUID_7c9ae11f-64c8-4178-8478-bdcc5c633b15/>,COMMERCIAL
<http://localhost/berlin/cityobject/UUID_e5e214bc-b169-4c18-92e3-40a043214e17/>,COMMERCIAL
<http://localhost/berlin/cityobject/UUID_755aa2ad-5551-4d2c-863f-3c2938e8b971/>,COMMERCIAL
<http://localhost/berlin/cityobject/UUID_3186e704-d0d3-4d7d-b0df-01507555ecb1/>,COMMERCIAL
<http://localhost/berlin/cityobject/UUID_d995cecd-e4f1-437c-8023-14d7636e84d6/>,COMMERCIAL
<http://localhost/berlin/cityobject/UUID_912dcc92-9ecd-46e9-8685-cca718d21828/>,COMMERCIAL
<http://localhost/berlin/cityobject/UUID_88c842d2-aca8-4c22-8f8d-0bf03e20202f/>,COMMERCIAL
<http://localhost/berlin/cityobject/UUID_3c91aeba-bf4e-4ad0-a1a6-5c9c6cec460a/>,COMMERCIAL
<http://localhost/berlin/cityobject/UUID_4ee69e0d-095d-4581-8585-5ff919bd12ef/>,COMMERCIAL
<http://localhost/berlin/cityobject/UUID_1bead0bb-fa3e-4b80-91e8-3541690561e8/>,COMMERCIAL
<http://localhost/berlin/cityobject/UUID_c69bad3c-f9c8-42d9-ac00-4b4ebb4ddf3f/>,COMMERCIAL
<http://localhost/berlin/cityobject/UUID_de5b0815-1138-4e41-923a-b0f978c8e200/>,COMMERCIAL
<http://localhost/berlin/cityobject/UUID_33372240-65c0-4a75-b320-34576710bbff/>,COMMERCIAL
<http://localhost/berlin/cityobject/UUID_2405d29f-6753-4286-b6de-3dc6f0f4620f/>,COMMERCIAL
<http://localhost/berlin/cityobject/UUID_cd0e36a6-d061-4612-816a-6b6880f8917b/>,COMMERCIAL
<http://localhost/berlin/cityobject/UUID_e7f8af22-9b25-4bf5-a857-573f2a3f6891/>,RESIDENTIAL WITH COMMERCIAL AT 1ST STOREY
<http://localhost/berlin/cityobject/UUID_34b46438-1627-4c4f-8c59-f56e0e450d0e/>,COMMERCIAL
<http://localhost/berlin/cityobject/UUID_a1964357-f246-45b7-81a7-3da0f191441b/>,COMMERCIAL
<http://localhost/berlin/cityobject/UUID_7de22c11-ecf9-4bcb-a40f-b580120bee85/>,COMMERCIAL
<http://localhost/berlin/cityobject/UUID_45fee757-4cf3-44d0-b7d4-8ffb9083cfa4/>,WHITE
<http://localhost/berlin/cityobject/UUID_7408438c-be37-47e6-8d1d-dbbb3bac6ad0/>,COMMERCIAL
<http://localhost/berlin/cityobject/UUID_eefd67b4-77ff-4c98-9b9c-79e2a1c561ab/>,COMMERCIAL
<http://localhost/berlin/cityobject/UUID_5b7183e5-8de1-40ef-9c22-857a4ff21139/>,COMMERCIAL
<http://localhost/berlin/cityobject/UUID_bdb8a49e-ad7a-4184-a342-22df5b95cc13/>,COMMERCIAL
<http://localhost/berlin/cityobject/UUID_a8f75a87-669f-40c9-985e-047bc7d98c66/>,WHITE
<http://localhost/berlin/cityobject/UUID_7a089ecb-b2a9-44aa-88b6-7d5a7c4ec22b/>,COMMERCIAL
<http://localhost/berlin/cityobject/UUID_fb584b5d-2dcf-402b-81db-f18bc37d94df/>,COMMERCIAL
<http://localhost/berlin/cityobject/UUID_019e6f32-f806-4e6f-8918-250c83ad6af1/>,COMMERCIAL
<http://localhost/berlin/cityobject/UUID_85a794f9-58fd-4519-baf0-7fcd657098e8/>,COMMERCIAL
<http://localhost/berlin/cityobject/UUID_266d37c5-6b91-4264-99c1-4fc18685ed42/>,COMMERCIAL
<http://localhost/berlin/cityobject/UUID_64b22990-ac02-452e-bd78-bcc09b30e7ef/>,COMMERCIAL
<http://localhost/berlin/cityobject/UUID_a92a63ee-d237-4d95-9e7b-fb02a69abcce/>,COMMERCIAL
<http://localhost/berlin/cityobject/UUID_68862772-7bea-4d6b-b048-be7111d7e1f9/>,WHITE
<http://localhost/berlin/cityobject/UUID_01c73eed-ce9e-4193-a776-c32fbd9306e5/>,WHITE
<http://localhost/berlin/cityobject/UUID_0b7a2c13-1fa4-41a4-a102-d2c11a69e84d/>,COMMERCIAL
<http://localhost/berlin/cityobject/UUID_256ad231-4039-4a8d-b793-4290374313ff/>,COMMERCIAL
<http://localhost/berlin/cityobject/UUID_7d631b4e-1888-400e-bdac-daeb64bfd38d/>,COMMERCIAL
<http://localhost/berlin/cityobject/UUID_e929f50b-3555-4554-88eb-576f7555d848/>,COMMERCIAL
<http://localhost/berlin/cityobject/UUID_a5427c35-85bb-4e8e-a208-a90f1ab2e942/>,COMMERCIAL
<http://localhost/berlin/cityobject/UUID_52e7f8c5-dacc-41ae-b5ed-ccf111a16fb7/>,COMMERCIAL
<http://localhost/berlin/cityobject/UUID_b4c1d39c-7619-4b50-854b-32e35c5ef0d5/>,COMMERCIAL
<http://localhost/berlin/cityobject/UUID_e5f0cb30-30fb-4f03-8124-164c7693512a/>,COMMERCIAL
<http://localhost/berlin/cityobject/UUID_ba4b7491-79d0-4b5e-85f6-2be015a9ae15/>,COMMERCIAL
<http://localhost/berlin/cityobject/UUID_31870388-213a-4a2f-b67f-11d14e3ed24f/>,COMMERCIAL
<http://localhost/berlin/cityobject/UUID_4c17bcb6-e97e-420b-b570-71141aab0546/>,COMMERCIAL
<http://localhost/berlin/cityobject/UUID_2e88a5c3-4a0d-4bd6-abff-c17737479b73/>,COMMERCIAL
<http://localhost/berlin/cityobject/UUID_16a308b0-82a6-479d-8749-9ff31e8bf36a/>,COMMERCIAL
<http://localhost/berlin/cityobject/UUID_c77ccd51-6ad8-4fc5-be12-9ec2fee7e4d3/>,COMMERCIAL
<http://localhost/berlin/cityobject/UUID_4c4432c0-de0e-4502-bc93-de354c901a9b/>,COMMERCIAL
<http://localhost/berlin/cityobject/UUID_318e36d1-ba18-4adc-b538-6f1869a85123/>,COMMERCIAL
<http://localhost/berlin/cityobject/UUID_884a854a-ccd7-46f0-b185-1caa47cbd716/>,COMMERCIAL
<http://localhost/berlin/cityobject/UUID_7b4e88fd-4b6d-4f8a-920d-ae5f52067eae/>,COMMERCIAL
<http://localhost/berlin/cityobject/UUID_0efef601-2cf5-4f76-a588-a8a17cc933ca/>,COMMERCIAL
<http://localhost/berlin/cityobject/UUID_3b9cdf86-add4-43e7-9c19-b595c019ed12/>,COMMERCIAL
<http://localhost/berlin/cityobject/UUID_356b293d-c1d8-4709-84d2-31b340a52f1e/>,COMMERCIAL
<http://localhost/berlin/cityobject/UUID_65295937-ab63-4cb1-a648-56602c318b5c/>,COMMERCIAL
<http://localhost/berlin/cityobject/UUID_5e770a5d-a0a7-4c16-9c94-3490847a6f27/>,COMMERCIAL
<http://localhost/berlin/cityobject/UUID_fbf326c5-fba8-459e-b220-d77c89eceba9/>,COMMERCIAL
<http://localhost/berlin/cityobject/UUID_4fd83b17-ffed-403f-ae96-aa16c58ac943/>,WHITE
<http://localhost/berlin/cityobject/UUID_d44e2707-5d84-4bcf-a527-f1fbb501900b/>,COMMERCIAL
<http://localhost/berlin/cityobject/UUID_ff9b0b45-4387-447e-a0d8-b3b3f11e4798/>,COMMERCIAL
<http://localhost/berlin/cityobject/UUID_489eb935-99fe-4766-be8f-603a044be281/>,COMMERCIAL
<http://localhost/berlin/cityobject/UUID_b3460ff0-7ae1-43a2-ac68-926e1ac8c651/>,COMMERCIAL
<http://localhost/berlin/cityobject/UUID_83b3e148-38d1-46d2-a12d-b51b6f261f10/>,COMMERCIAL
<http://localhost/berlin/cityobject/UUID_07df4849-f558-427c-824c-72c942a96cd2/>,COMMERCIAL
<http://localhost/berlin/cityobject/UUID_c195689a-7e57-4a88-b33f-36724635b166/>,WHITE
<http://localhost/berlin/cityobject/UUID_35b36f4d-53fa-4e14-80fc-aa660e6521a4/>,COMMERCIAL
<http://localhost/berlin/cityobject/UUID_d4ee59b6-4ed8-4a07-9db5-f6f8e6325da1/>,WHITE
<http://localhost/berlin/cityobject/UUID_30734336-d360-4da4-bf4c-36ecdd05e694/>,COMMERCIAL
<http://localhost/berlin/cityobject/UUID_83edf24b-f0d5-485f-a5c4-9c700f1d1a9f/>,COMMERCIAL
<http://localhost/berlin/cityobject/UUID_ffb33658-a363-4b80-ab20-2cfcc61c5fd9/>,COMMERCIAL
<http://localhost/berlin/cityobject/UUID_a1638803-2ab1-4bca-9fc4-c13baab6ef1a/>,COMMERCIAL
<http://localhost/berlin/cityobject/UUID_f573542b-ff51-4187-b339-adf9a44f541c/>,COMMERCIAL
<http://localhost/berlin/cityobject/UUID_d7d1edae-3ca8-4819-a47b-978a67607771/>,COMMERCIAL
<http://localhost/berlin/cityobject/UUID_b71351d9-85dc-4eb4-bcce-e61de90e29b5/>,COMMERCIAL
<http://localhost/berlin/cityobject/UUID_9c98d517-7895-4e42-bc5c-8fb3b6eaf329/>,COMMERCIAL
<http://localhost/berlin/cityobject/UUID_862d4413-4079-4578-91fe-3a03f4212658/>,COMMERCIAL
<http://localhost/berlin/cityobject/UUID_df06b3d7-7a32-4610-86d5-d66e459d7b89/>,COMMERCIAL
<http://localhost/berlin/cityobject/UUID_ca629457-2f63-4d99-9673-12f4758406a3/>,COMMERCIAL
<http://localhost/berlin/cityobject/UUID_511d2037-83c6-4e23-8326-2daccf83e533/>,COMMERCIAL
<http://localhost/berlin/cityobject/UUID_d14b1c5a-8ed4-43b4-8cea-0bd44ceebd62/>,COMMERCIAL
<http://localhost/berlin/cityobject/UUID_da42629a-1c3b-43eb-b95d-113f6f137563/>,COMMERCIAL
<http://localhost/berlin/cityobject/UUID_48951e61-0b57-447d-adec-30bf4a2167bc/>,COMMERCIAL
<http://localhost/berlin/cityobject/UUID_b927ad03-fbe6-41c6-9c9f-3ff765cd8c6b/>,COMMERCIAL
<http://localhost/berlin/cityobject/UUID_7a5051dc-275c-4e4e-a3ef-59138d017bb1/>,COMMERCIAL
<http://localhost/berlin/cityobject/UUID_397466a2-a156-4fea-96de-b3319dd5e4c4/>,COMMERCIAL
<http://localhost/berlin/cityobject/UUID_3de72c03-c1ec-4a58-a369-ebe669c908ae/>,WHITE
<http://localhost/berlin/cityobject/UUID_8af45317-9f46-4f45-b5d9-9137915273f2/>,COMMERCIAL
<http://localhost/berlin/cityobject/UUID_81870a76-42db-4b4f-8054-4f11f3b25174/>,COMMERCIAL
<http://localhost/berlin/cityobject/UUID_ff9bc2c5-4d83-4ae5-b932-88e7be77d7c4/>,COMMERCIAL
<http://localhost/berlin/cityobject/UUID_eb1cb102-8185-4e9c-854c-a20baf9cd594/>,COMMERCIAL
<http://localhost/berlin/cityobject/UUID_0a1cef08-5463-4a4f-98b4-7209ba8badc6/>,COMMERCIAL
<http://localhost/berlin/cityobject/UUID_d72ec836-299e-48f7-a3e5-f80cc2439fcb/>,COMMERCIAL
<http://localhost/berlin/cityobject/UUID_75c8c202-2cff-4109-a31e-8da9194f613b/>,COMMERCIAL
<http://localhost/berlin/cityobject/UUID_047cc464-d116-4c41-a75c-9efc8967849e/>,WHITE
<http://localhost/berlin/cityobject/UUID_b7ef0711-eacb-4a05-a420-ea8667b037b1/>,COMMERCIAL
<http://localhost/berlin/cityobject/UUID_c1eddd94-612a-4549-8068-71033dea32b6/>,COMMERCIAL
<http://localhost/berlin/cityobject/UUID_4a5c2062-ae29-46cc-9a9d-8a137110d9c2/>,COMMERCIAL
<http://localhost/berlin/cityobject/UUID_b4e445dc-2257-4d63-a80d-42d8fc8cae7d/>,COMMERCIAL
<http://localhost/berlin/cityobject/UUID_c7170a1e-d365-4e21-a127-7b9ecfe477f3/>,COMMERCIAL
<http://localhost/berlin/cityobject/UUID_d2644734-f415-4cb2-b48b-827109088369/>,COMMERCIAL
<http://localhost/berlin/cityobject/UUID_38bdd34c-1402-427e-82f1-76e12ed2bd93/>,COMMERCIAL
<http://localhost/berlin/cityobject/UUID_cc537fda-3dc7-48ad-9a43-8640e7310298/>,COMMERCIAL
<http://localhost/berlin/cityobject/UUID_adaff468-052e-4e3e-a2c1-269b571412a7/>,COMMERCIAL
<http://localhost/berlin/cityobject/UUID_eca9a481-db1b-4ba6-b919-b68a604f65dd/>,RESIDENTIAL WITH COMMERCIAL AT 1ST STOREY
<http://localhost/berlin/cityobject/UUID_2f31b56f-6642-4c27-8dc5-695f1a553659/>,COMMERCIAL
<http://localhost/berlin/cityobject/UUID_b6874c15-6c8f-4c7d-a4d2-7b4289d43de1/>,COMMERCIAL
<http://localhost/berlin/cityobject/UUID_0b9b53ae-12a9-472c-b38d-b255ce957649/>,COMMERCIAL
<http://localhost/berlin/cityobject/UUID_6ecabf17-e0ff-4fd6-8c3d-1280aff6fdf1/>,COMMERCIAL
<http://localhost/berlin/cityobject/UUID_36cd4d4a-463e-4c71-953b-33b7f905ac8b/>,WHITE
<http://localhost/berlin/cityobject/UUID_8dedf878-d90d-4168-a901-1fa444f7bcee/>,WHITE
<http://localhost/berlin/cityobject/UUID_5e6c425e-fc7f-4ab7-abe4-2676c0923467/>,COMMERCIAL
<http://localhost/berlin/cityobject/UUID_c353d760-4904-4c70-b9f8-c45ebfdf4f9b/>,WHITE
<http://localhost/berlin/cityobject/UUID_69f81482-cdfa-4c51-b7c6-93ffdbe49a29/>,WHITE
<http://localhost/berlin/cityobject/UUID_5f14a2b1-5a52-4d31-a5cc-5954eb864f18/>,COMMERCIAL
<http://localhost/berlin/cityobject/UUID_2f301cda-aa56-4035-8d1d-084563d2a973/>,COMMERCIAL
<http://localhost/berlin/cityobject/UUID_c3b0cb02-65d8-48f5-8110-25468d26d108/>,COMMERCIAL
<http://localhost/berlin/cityobject/UUID_88b91d00-39ba-433d-9b3a-a3e975638e6a/>,COMMERCIAL
<http://localhost/berlin/cityobject/UUID_c49f1be9-f01c-4b7c-a7b4-44ba6ab1b493/>,COMMERCIAL
<http://localhost/berlin/cityobject/UUID_8f081c77-8ab7-4869-ad27-152ecd38a2be/>,COMMERCIAL
<http://localhost/berlin/cityobject/UUID_163336a8-406f-4630-b3d0-281f7ee42817/>,COMMERCIAL
<http://localhost/berlin/cityobject/UUID_f5c9159d-845d-421b-a81a-f2e59486af22/>,COMMERCIAL
<http://localhost/berlin/cityobject/UUID_a3dfb2e9-203a-4028-887f-be2c20805ef9/>,COMMERCIAL
<http://localhost/berlin/cityobject/UUID_a11a601c-c370-4d4b-8a33-83fd71634d9c/>,COMMERCIAL
<http://localhost/berlin/cityobject/UUID_f67a1005-1216-4bec-b745-8e6469485f9d/>,COMMERCIAL
<http://localhost/berlin/cityobject/UUID_b61466e1-1455-43f7-9919-faeabf681039/>,COMMERCIAL
<http://localhost/berlin/cityobject/UUID_581688cb-6c97-4cd7-b6d5-501476271112/>,WHITE
<http://localhost/berlin/cityobject/UUID_be3a6871-b3c5-4d91-a9ed-bde04d053419/>,COMMERCIAL
<http://localhost/berlin/cityobject/UUID_d45ff15c-c340-42c0-99f6-3d584aa5e9fa/>,COMMERCIAL
<http://localhost/berlin/cityobject/UUID_c326a5b7-e4ae-4d3f-b986-f42f21a69fcc/>,COMMERCIAL
<http://localhost/berlin/cityobject/UUID_e9e88bde-8244-413e-8ea7-0f7335ae5b27/>,COMMERCIAL
<http://localhost/berlin/cityobject/UUID_76198537-6e27-4dc9-8bd2-e8cd8520b502/>,COMMERCIAL
<http://localhost/berlin/cityobject/UUID_3d169b25-ee06-4b08-9d8d-645f1c0a5e1b/>,COMMERCIAL
<http://localhost/berlin/cityobject/UUID_fc25e6e5-7d5a-4676-a293-0e94e54d83f3/>,COMMERCIAL
<http://localhost/berlin/cityobject/UUID_376f6a07-077b-4fac-9b40-baebb1b0be0b/>,COMMERCIAL
<http://localhost/berlin/cityobject/UUID_a575b5ca-7c6d-4425-a09a-c4c780ca7d4a/>,COMMERCIAL
<http://localhost/berlin/cityobject/UUID_d657bf43-4e03-472e-bb30-b1b9b35be3cf/>,COMMERCIAL
<http://localhost/berlin/cityobject/UUID_1ba98720-6374-42e6-a212-1a301cd21412/>,COMMERCIAL
<http://localhost/berlin/cityobject/UUID_a9323da7-d81f-4ad2-a97c-740858bd9414/>,COMMERCIAL
<http://localhost/berlin/cityobject/UUID_9552d759-40a4-46fe-b3ae-dad0079c8692/>,COMMERCIAL
<http://localhost/berlin/cityobject/UUID_3ee6cc4e-5468-48be-83f7-2bfbc5237741/>,COMMERCIAL
<http://localhost/berlin/cityobject/UUID_9109a106-5cfe-430c-9f96-5649ba4007a6/>,COMMERCIAL
<http://localhost/berlin/cityobject/UUID_80d6881b-1922-446e-9268-2c63edb07201/>,COMMERCIAL
<http://localhost/berlin/cityobject/UUID_8bc4b4fc-9d07-4c79-b7e0-e7cf9f223f21/>,COMMERCIAL
<http://localhost/berlin/cityobject/UUID_474d0de1-b299-45e3-a879-917d5b4d803f/>,COMMERCIAL
<http://localhost/berlin/cityobject/UUID_7d726c9f-2c07-45e8-948d-59f95860adbd/>,COMMERCIAL
<http://localhost/berlin/cityobject/UUID_d7c8c5f3-dfe3-4e29-aacc-7de03ef555b4/>,COMMERCIAL
<http://localhost/berlin/cityobject/UUID_4c7457b5-706a-4f54-b372-be34dfaa4bbb/>,COMMERCIAL
<http://localhost/berlin/cityobject/UUID_9cc167d7-e5eb-44c3-8c23-6d796833770f/>,RESIDENTIAL WITH COMMERCIAL AT 1ST STOREY
<http://localhost/berlin/cityobject/UUID_918901c9-db9f-4bce-be3d-7f33d55d61a8/>,COMMERCIAL
<http://localhost/berlin/cityobject/UUID_8c007ecc-dd57-47fe-a535-8709afe2d94d/>,WHITE
<http://localhost/berlin/cityobject/UUID_61ecaaba-526f-4bc3-a576-9a46dfc11adb/>,COMMERCIAL
<http://localhost/berlin/cityobject/UUID_0d7ba9d6-d947-4d0c-ac3a-32c813843b25/>,COMMERCIAL
<http://localhost/berlin/cityobject/UUID_a593d11f-1834-4c8c-9828-ca1ad3bd45e5/>,COMMERCIAL
<http://localhost/berlin/cityobject/UUID_d6342167-e0fd-4cbf-9723-9cae73f1fb60/>,COMMERCIAL
<http://localhost/berlin/cityobject/UUID_1ee2a352-081b-4b5c-93bd-3bd72ea9c201/>,COMMERCIAL
<http://localhost/berlin/cityobject/UUID_4aa86620-f998-4a30-8aa4-8c2442564546/>,COMMERCIAL
<http://localhost/berlin/cityobject/UUID_b779e1c5-6ad1-4dff-8317-f82aad27a993/>,COMMERCIAL
<http://localhost/berlin/cityobject/UUID_275087c6-44fc-4b43-92d3-a8c14b0d48ab/>,COMMERCIAL
<http://localhost/berlin/cityobject/UUID_a1817966-df0b-4521-85d9-eaa8d35fdcbe/>,COMMERCIAL
<http://localhost/berlin/cityobject/UUID_355ed849-5d3f-4a79-8722-fdb179eae4de/>,COMMERCIAL
<http://localhost/berlin/cityobject/UUID_236647e7-9802-42ef-abf8-264f32fa083a/>,COMMERCIAL
<http://localhost/berlin/cityobject/UUID_c1250c71-22c6-4c0f-871e-e3ef609d71b4/>,COMMERCIAL
<http://localhost/berlin/cityobject/UUID_e2535b11-73f9-4de2-a426-64989f84deb3/>,COMMERCIAL
<http://localhost/berlin/cityobject/UUID_3d580df4-bb62-458f-8059-8cad799b7d68/>,COMMERCIAL
<http://localhost/berlin/cityobject/UUID_401f4aa8-7414-4617-b6cb-3ea5d92b62b4/>,COMMERCIAL
<http://localhost/berlin/cityobject/UUID_a2aa6b5a-2c4e-4e7a-8152-beddc8599695/>,COMMERCIAL
<http://localhost/berlin/cityobject/UUID_4632fe21-eced-4e41-8272-7da882fb8d80/>,COMMERCIAL
<http://localhost/berlin/cityobject/UUID_e5d2c858-678e-429b-947f-23917e8cf753/>,COMMERCIAL
<http://localhost/berlin/cityobject/UUID_30f346ca-cd1c-4c2e-b9b8-899f8edf9951/>,COMMERCIAL
<http://localhost/berlin/cityobject/UUID_7305452d-5e9c-4dc7-9d53-76dd4f2e64cd/>,COMMERCIAL
<http://localhost/berlin/cityobject/UUID_d22b5603-aceb-4a98-8aa5-7f2edcc5cfa0/>,COMMERCIAL
<http://localhost/berlin/cityobject/UUID_29666be9-30a5-4c14-915f-4d3e515f41f3/>,COMMERCIAL
<http://localhost/berlin/cityobject/UUID_ebd312a7-a83d-4ee8-a714-39c630dfc5e1/>,COMMERCIAL
<http://localhost/berlin/cityobject/UUID_e1824852-ea6f-4b1c-a90c-c31b76359820/>,COMMERCIAL
<http://localhost/berlin/cityobject/UUID_8478fa9c-6220-4826-852e-06cceb8ab8cd/>,COMMERCIAL
<http://localhost/berlin/cityobject/UUID_9170c416-a855-4f92-bc49-1a03f42f4937/>,COMMERCIAL
<http://localhost/berlin/cityobject/UUID_0c83fe83-1d14-403b-80f4-9b0218f49ad2/>,COMMERCIAL
<http://localhost/berlin/cityobject/UUID_1467c2ea-bf27-4b76-9aa0-de72ff90a576/>,COMMERCIAL
<http://localhost/berlin/cityobject/UUID_79984a95-0b70-4d84-b694-778d32470023/>,WHITE
<http://localhost/berlin/cityobject/UUID_525b017b-37cf-4f6a-83a8-a32b9380713a/>,COMMERCIAL
<http://localhost/berlin/cityobject/UUID_2f9f8552-7161-4348-9a6e-a6cb6ca5b5dd/>,COMMERCIAL
<http://localhost/berlin/cityobject/UUID_14d8dd04-5939-4d26-b39f-d297b0438d7d/>,COMMERCIAL
<http://localhost/berlin/cityobject/UUID_c70d2980-a5c9-4a18-9d9e-0df80feb71bd/>,COMMERCIAL
<http://localhost/berlin/cityobject/UUID_8ad931ee-493f-4093-bfae-5c1c5bf222d2/>,COMMERCIAL
<http://localhost/berlin/cityobject/UUID_ad38aa13-d58f-4e5b-99dd-f233ae894627/>,COMMERCIAL
<http://localhost/berlin/cityobject/UUID_cd1a133d-b623-4f46-b75a-d909bd9e07b4/>,COMMERCIAL
<http://localhost/berlin/cityobject/UUID_0de0eca8-cac2-414d-9aa3-6ba2a26b7c17/>,COMMERCIAL
<http://localhost/berlin/cityobject/UUID_3004f8b4-bcb2-4d6c-91f0-87878c9cb07e/>,COMMERCIAL
<http://localhost/berlin/cityobject/UUID_a3403d9b-304b-4022-8f4a-0b9c6f4b052e/>,COMMERCIAL
<http://localhost/berlin/cityobject/UUID_3bb98a9a-4b0f-431a-b682-a5b949a7b1fd/>,COMMERCIAL
<http://localhost/berlin/cityobject/UUID_1e97ef6a-4231-494d-a8f3-50b7ab550598/>,COMMERCIAL
<http://localhost/berlin/cityobject/UUID_57c789be-ad7c-49be-9ead-76ce7c3292ec/>,COMMERCIAL
<http://localhost/berlin/cityobject/UUID_8da38c00-f334-4b50-b4d8-267b6d1f94d7/>,COMMERCIAL
<http://localhost/berlin/cityobject/UUID_8faeff0d-1cc5-4da9-a2d5-85784a2d879f/>,COMMERCIAL
<http://localhost/berlin/cityobject/UUID_94c46440-f998-48d4-a6e4-b07e31d6367f/>,COMMERCIAL
<http://localhost/berlin/cityobject/UUID_03150e9a-8bd8-4f88-93ff-9c106681e24e/>,COMMERCIAL
<http://localhost/berlin/cityobject/UUID_d77e7e72-20c9-4826-aaa7-1c95c099b077/>,COMMERCIAL
<http://localhost/berlin/cityobject/UUID_7873ba49-d760-4af1-a4b7-5c208c84872c/>,COMMERCIAL
<http://localhost/berlin/cityobject/UUID_f223a152-f1f7-4461-880b-d24fd0cc7c0d/>,COMMERCIAL
<http://localhost/berlin/cityobject/UUID_a1638803-2ab1-4bca-9fc4-c13baab6ef1a/>,COMMERCIAL
<http://localhost/berlin/cityobject/UUID_d2316e72-96d0-4c8d-a842-4c07d9b1aa04/>,WHITE
<http://localhost/berlin/cityobject/UUID_845eb3aa-9c66-4869-a64b-d5edb5a1f99a/>,COMMERCIAL
<http://localhost/berlin/cityobject/UUID_895a6767-cfed-477a-9e1a-66b1991ab883/>,COMMERCIAL
<http://localhost/berlin/cityobject/UUID_5a28edc2-6b70-4620-b42a-82a447f5b524/>,WHITE
<http://localhost/berlin/cityobject/UUID_7c63b3be-bd4e-49fd-8d2a-6d29acb196f6/>,COMMERCIAL
<http://localhost/berlin/cityobject/UUID_ef250ee6-3260-4047-b214-569bb4855e1e/>,COMMERCIAL
<http://localhost/berlin/cityobject/UUID_894abd82-1096-4680-8c45-687c4c872518/>,COMMERCIAL
<http://localhost/berlin/cityobject/UUID_05a1b8da-725e-439b-be52-f0e4cfae79bd/>,COMMERCIAL
<http://localhost/berlin/cityobject/UUID_ea6eea78-87f7-4b9a-830c-04ace283b5a9/>,HOTEL
<http://localhost/berlin/cityobject/UUID_e28538b4-57c7-4cb7-b3a0-5ee6d258930f/>,WHITE
<http://localhost/berlin/cityobject/UUID_ca298f25-95be-4d2a-81d5-23e9bf11d150/>,RESIDENTIAL WITH COMMERCIAL AT 1ST STOREY
<http://localhost/berlin/cityobject/UUID_0e51ad65-1d10-4d01-8a14-3359d0a64084/>,COMMERCIAL
<http://localhost/berlin/cityobject/UUID_1437ceab-f69b-4918-a2b4-df65fa06fe40/>,COMMERCIAL
<http://localhost/berlin/cityobject/UUID_b1b63f4e-7879-4192-af46-8f6f47fbb131/>,WHITE
<http://localhost/berlin/cityobject/UUID_bb4655b7-5014-4b99-ad3e-19b03e2fa1d9/>,COMMERCIAL
<http://localhost/berlin/cityobject/UUID_22aa8240-273e-4b56-ba60-19ba1d511649/>,COMMERCIAL
<http://localhost/berlin/cityobject/UUID_64af470f-a36e-407d-88b3-f4b70c2b7b75/>,WHITE
<http://localhost/berlin/cityobject/UUID_d47c9821-3afa-4f71-a105-a5c197dcbe61/>,COMMERCIAL
<http://localhost/berlin/cityobject/UUID_d243573e-c6bb-4b28-b9f0-e7c801301e96/>,WHITE
<http://localhost/berlin/cityobject/UUID_2daa094a-bc6c-43bd-bdec-576f52b01f68/>,RESIDENTIAL WITH COMMERCIAL AT 1ST STOREY
<http://localhost/berlin/cityobject/UUID_46089774-1c90-46a0-8f4f-782a0bc820f3/>,COMMERCIAL
<http://localhost/berlin/cityobject/UUID_d8bcf540-0d79-4f5a-867d-0013956c3674/>,COMMERCIAL
<http://localhost/berlin/cityobject/UUID_6cfd06bc-3e4c-454a-babe-117b02f058c0/>,COMMERCIAL
<http://localhost/berlin/cityobject/UUID_5e3cdcbd-f07a-42ca-89d7-fcb45eff15a3/>,COMMERCIAL
<http://localhost/berlin/cityobject/UUID_6829e763-2bb2-4427-912d-cc9ac102710e/>,COMMERCIAL
<http://localhost/berlin/cityobject/UUID_bfb648c3-47a9-4aa6-86ba-195d3b6c6912/>,WHITE
<http://localhost/berlin/cityobject/UUID_61b61630-a231-4166-b5a5-04e091a2c9b1/>,WHITE
<http://localhost/berlin/cityobject/UUID_baaeb2f6-e03c-474a-9b80-6065482ea7b9/>,COMMERCIAL
<http://localhost/berlin/cityobject/UUID_a42fd7fd-5709-4970-a8e4-bc52577df3b2/>,COMMERCIAL
<http://localhost/berlin/cityobject/UUID_180eaf28-84e0-47b1-bd05-bfa126814de6/>,COMMERCIAL
<http://localhost/berlin/cityobject/UUID_d29c7255-fb5f-4001-855d-3ece9c902de0/>,COMMERCIAL
<http://localhost/berlin/cityobject/UUID_5841dfd7-7f8a-4e9d-b0ce-81bb956202aa/>,COMMERCIAL
<http://localhost/berlin/cityobject/UUID_12dcc2bc-85af-4dbe-9493-32ba790a6b36/>,COMMERCIAL
<http://localhost/berlin/cityobject/UUID_10001449-f486-4b84-8452-582bf2ab26c8/>,COMMERCIAL
<http://localhost/berlin/cityobject/UUID_c9293b9b-609e-4d53-826c-d67aa024a4fa/>,COMMERCIAL
<http://localhost/berlin/cityobject/UUID_d3433e82-0ae2-4aa6-aa3f-706894a42051/>,COMMERCIAL
<http://localhost/berlin/cityobject/UUID_949f9360-b580-48b4-9abe-69ca1ba993ce/>,COMMERCIAL
<http://localhost/berlin/cityobject/UUID_d2587502-fba4-40cb-a17d-cc57a6ffe258/>,COMMERCIAL
<http://localhost/berlin/cityobject/UUID_723cf102-23f2-4969-9856-4da2816d0de4/>,COMMERCIAL
<http://localhost/berlin/cityobject/UUID_1813a057-006a-4576-9425-9e17917fd69f/>,COMMERCIAL
<http://localhost/berlin/cityobject/UUID_9d5bd54d-6c68-4600-a4b3-f81a3230952f/>,COMMERCIAL
<http://localhost/berlin/cityobject/UUID_1a43069d-c55d-4caf-a6f7-0e243f107b07/>,COMMERCIAL
<http://localhost/berlin/cityobject/UUID_1f5aed85-acf7-4eb2-8a7a-6e55bdea7247/>,COMMERCIAL
<http://localhost/berlin/cityobject/UUID_1b3a219d-0f18-4172-8000-c00f3ab437b3/>,COMMERCIAL
<http://localhost/berlin/cityobject/UUID_df06b3d7-7a32-4610-86d5-d66e459d7b89/>,COMMERCIAL
<http://localhost/berlin/cityobject/UUID_ca629457-2f63-4d99-9673-12f4758406a3/>,COMMERCIAL
<http://localhost/berlin/cityobject/UUID_b927ad03-fbe6-41c6-9c9f-3ff765cd8c6b/>,COMMERCIAL
<http://localhost/berlin/cityobject/UUID_7a5051dc-275c-4e4e-a3ef-59138d017bb1/>,COMMERCIAL
<http://localhost/berlin/cityobject/UUID_3df583e1-ee01-40af-828a-0dd881cfc4a8/>,COMMERCIAL
<http://localhost/berlin/cityobject/UUID_1845810f-88e8-401d-b78b-c0ba94a4ed1a/>,RESIDENTIAL WITH COMMERCIAL AT 1ST STOREY
<http://localhost/berlin/cityobject/UUID_eba0ead9-eeaa-4aad-ab3c-22eddf226195/>,COMMERCIAL
<http://localhost/berlin/cityobject/UUID_65b9272f-63c6-45d5-88a5-1f5caf77de83/>,COMMERCIAL
<http://localhost/berlin/cityobject/UUID_6aa41004-856b-4c16-a8c7-1e6b4312b0ee/>,COMMERCIAL
<http://localhost/berlin/cityobject/UUID_d0c558d2-b492-45ac-9aa8-779f17e6490f/>,COMMERCIAL
<http://localhost/berlin/cityobject/UUID_73236f9b-fa70-41b5-a0df-d7ff1ae2f500/>,COMMERCIAL
<http://localhost/berlin/cityobject/UUID_8f189c44-b8dd-47ab-8216-ea4f290686e6/>,COMMERCIAL
<http://localhost/berlin/cityobject/UUID_95838c59-6059-4941-bafa-180f53d7daa9/>,COMMERCIAL
<http://localhost/berlin/cityobject/UUID_73f4156f-f439-4054-9c26-f1d098ab0194/>,COMMERCIAL
<http://localhost/berlin/cityobject/UUID_e5601998-3e98-4370-af06-d0b31df0bb6a/>,COMMERCIAL
<http://localhost/berlin/cityobject/UUID_0de0eca8-cac2-414d-9aa3-6ba2a26b7c17/>,COMMERCIAL
<http://localhost/berlin/cityobject/UUID_3004f8b4-bcb2-4d6c-91f0-87878c9cb07e/>,COMMERCIAL
<http://localhost/berlin/cityobject/UUID_a3403d9b-304b-4022-8f4a-0b9c6f4b052e/>,COMMERCIAL
<http://localhost/berlin/cityobject/UUID_3bb98a9a-4b0f-431a-b682-a5b949a7b1fd/>,COMMERCIAL
<http://localhost/berlin/cityobject/UUID_1e97ef6a-4231-494d-a8f3-50b7ab550598/>,COMMERCIAL
<http://localhost/berlin/cityobject/UUID_57c789be-ad7c-49be-9ead-76ce7c3292ec/>,COMMERCIAL
<http://localhost/berlin/cityobject/UUID_8da38c00-f334-4b50-b4d8-267b6d1f94d7/>,COMMERCIAL
<http://localhost/berlin/cityobject/UUID_1b3a219d-0f18-4172-8000-c00f3ab437b3/>,COMMERCIAL
<http://localhost/berlin/cityobject/UUID_8faeff0d-1cc5-4da9-a2d5-85784a2d879f/>,COMMERCIAL
<http://localhost/berlin/cityobject/UUID_94c46440-f998-48d4-a6e4-b07e31d6367f/>,COMMERCIAL
<http://localhost/berlin/cityobject/UUID_03150e9a-8bd8-4f88-93ff-9c106681e24e/>,COMMERCIAL
<http://localhost/berlin/cityobject/UUID_d77e7e72-20c9-4826-aaa7-1c95c099b077/>,COMMERCIAL
<http://localhost/berlin/cityobject/UUID_7873ba49-d760-4af1-a4b7-5c208c84872c/>,COMMERCIAL
<http://localhost/berlin/cityobject/UUID_f223a152-f1f7-4461-880b-d24fd0cc7c0d/>,COMMERCIAL
<http://localhost/berlin/cityobject/UUID_30bfdccc-0413-479f-a1e7-6ceceaea44b5/>,COMMERCIAL
<http://localhost/berlin/cityobject/UUID_c1b1fc7d-4bf2-4ee4-91fe-aae146615fd7/>,COMMERCIAL
<http://localhost/berlin/cityobject/UUID_996dd5a1-3251-45ee-93b5-eae9fb4cb735/>,COMMERCIAL
<http://localhost/berlin/cityobject/UUID_03cd4e70-951b-467d-8a50-67b19ee68bba/>,COMMERCIAL
<http://localhost/berlin/cityobject/UUID_63f7ecfa-42d3-46c3-a7df-392e60cd72f2/>,COMMERCIAL
<http://localhost/berlin/cityobject/UUID_f7465980-a812-4741-8b74-de9e199a9bdd/>,WHITE
<http://localhost/berlin/cityobject/UUID_09f8fb28-d22a-406a-980b-b3b4e8939db6/>,COMMERCIAL
<http://localhost/berlin/cityobject/UUID_2f24520e-1894-4b47-b986-27fdc79df587/>,RESIDENTIAL WITH COMMERCIAL AT 1ST STOREY
<http://localhost/berlin/cityobject/UUID_92354524-47cc-4b6d-9ac3-b085765ff892/>,COMMERCIAL
<http://localhost/berlin/cityobject/UUID_aefd9db9-8f39-4eab-8ab9-b5b38e8d721e/>,COMMERCIAL
<http://localhost/berlin/cityobject/UUID_b586a8e7-a533-445b-ac6c-77baab10d4d3/>,COMMERCIAL
<http://localhost/berlin/cityobject/UUID_4895df77-87c9-4b55-9fa3-3360b1e4ac5a/>,COMMERCIAL
<http://localhost/berlin/cityobject/UUID_30ebd794-76cf-4093-8919-1d6b08c5ceb5/>,COMMERCIAL
<http://localhost/berlin/cityobject/UUID_87a80e48-7765-43ed-98f6-e6d5f04decf5/>,COMMERCIAL
<http://localhost/berlin/cityobject/UUID_2a3bc2b2-a655-4e9d-a2d4-eb7bb400ffa7/>,COMMERCIAL
<http://localhost/berlin/cityobject/UUID_ce02a708-14a8-4962-a35b-c697a03ec876/>,COMMERCIAL
<http://localhost/berlin/cityobject/UUID_e81f39f5-8edc-4bf8-ac0a-c20cc8ee9c98/>,COMMERCIAL
<http://localhost/berlin/cityobject/UUID_607c3357-6eef-4b10-9852-10197359fe26/>,COMMERCIAL
<http://localhost/berlin/cityobject/UUID_44015e84-e54f-4400-a24d-16b2f94e6190/>,COMMERCIAL
<http://localhost/berlin/cityobject/UUID_8d05c9b9-163b-4f01-9b65-6e4cabcf8196/>,COMMERCIAL
<http://localhost/berlin/cityobject/UUID_414578ff-89a1-4806-a34d-eba802629332/>,COMMERCIAL
<http://localhost/berlin/cityobject/UUID_94ca7af4-3fbf-479b-b202-ee4c94cbd6fc/>,COMMERCIAL
<http://localhost/berlin/cityobject/UUID_288e295f-2815-4582-80b9-3349d2790758/>,WHITE
<http://localhost/berlin/cityobject/UUID_f573542b-ff51-4187-b339-adf9a44f541c/>,COMMERCIAL
<http://localhost/berlin/cityobject/UUID_d7d1edae-3ca8-4819-a47b-978a67607771/>,COMMERCIAL
<http://localhost/berlin/cityobject/UUID_b71351d9-85dc-4eb4-bcce-e61de90e29b5/>,COMMERCIAL
<http://localhost/berlin/cityobject/UUID_9c98d517-7895-4e42-bc5c-8fb3b6eaf329/>,COMMERCIAL
<http://localhost/berlin/cityobject/UUID_862d4413-4079-4578-91fe-3a03f4212658/>,COMMERCIAL
<http://localhost/berlin/cityobject/UUID_511d2037-83c6-4e23-8326-2daccf83e533/>,COMMERCIAL
<http://localhost/berlin/cityobject/UUID_d14b1c5a-8ed4-43b4-8cea-0bd44ceebd62/>,COMMERCIAL
<http://localhost/berlin/cityobject/UUID_da42629a-1c3b-43eb-b95d-113f6f137563/>,COMMERCIAL
<http://localhost/berlin/cityobject/UUID_48951e61-0b57-447d-adec-30bf4a2167bc/>,COMMERCIAL
<http://localhost/berlin/cityobject/UUID_9cc167d7-e5eb-44c3-8c23-6d796833770f/>,RESIDENTIAL WITH COMMERCIAL AT 1ST STOREY
<http://localhost/berlin/cityobject/UUID_f8c566a1-f2cb-4821-9e84-058a22a11a61/>,COMMERCIAL
<http://localhost/berlin/cityobject/UUID_d4b3e926-dd3c-4483-b17d-4986d3032ab7/>,COMMERCIAL
<http://localhost/berlin/cityobject/UUID_dfd2eeb7-5260-4404-95b6-f94ddc0d33a5/>,COMMERCIAL
<http://localhost/berlin/cityobject/UUID_5f7cbcab-ff8a-4300-8aff-2539132e499b/>,COMMERCIAL
<http://localhost/berlin/cityobject/UUID_a32c4a7c-b83e-4723-81e6-07798b3c238b/>,WHITE
<http://localhost/berlin/cityobject/UUID_365bd591-00e4-4dd2-af5c-d96a427703f4/>,COMMERCIAL
<http://localhost/berlin/cityobject/UUID_d3e2975e-42a7-46f7-aae1-e368068e08a1/>,COMMERCIAL
<http://localhost/berlin/cityobject/UUID_c530e4de-8c52-4289-b479-a167b0044333/>,COMMERCIAL
<http://localhost/berlin/cityobject/UUID_54433ca9-798b-4729-b882-0a4d66200751/>,COMMERCIAL
<http://localhost/berlin/cityobject/UUID_98ec94ba-38b1-450b-9dfe-add10592e921/>,COMMERCIAL
<http://localhost/berlin/cityobject/UUID_047a25ff-84b0-4d8b-b0b9-5b9fac271963/>,COMMERCIAL
<http://localhost/berlin/cityobject/UUID_c09d043a-15e3-4103-8b74-9d1abdea987f/>,RESIDENTIAL WITH COMMERCIAL AT 1ST STOREY
<http://localhost/berlin/cityobject/UUID_70bded6c-55ce-4ae5-ba71-0cb083107822/>,COMMERCIAL
<http://localhost/berlin/cityobject/UUID_3ac79087-37e9-440e-b607-aa828c9022ae/>,COMMERCIAL
<http://localhost/berlin/cityobject/UUID_d5d11522-a0fe-4ca3-98c5-84cef3299470/>,COMMERCIAL
<http://localhost/berlin/cityobject/UUID_9de8c274-30a7-4da1-bc9a-278f9188372b/>,COMMERCIAL
<http://localhost/berlin/cityobject/UUID_ab741b5a-2c98-42e2-95eb-23a3015fec3e/>,COMMERCIAL
<http://localhost/berlin/cityobject/UUID_286eb7e3-ef29-44c4-beec-cd2e27dfdb82/>,COMMERCIAL
<http://localhost/berlin/cityobject/UUID_8d5c3c58-a185-4032-8e3a-e01c0a953b44/>,WHITE
<http://localhost/berlin/cityobject/UUID_ad251d17-797c-4013-8793-a0d2090929da/>,RESIDENTIAL WITH COMMERCIAL AT 1ST STOREY
<http://localhost/berlin/cityobject/UUID_d8742d21-0c5f-4da3-bb82-2f6ef70f5bf7/>,COMMERCIAL
<http://localhost/berlin/cityobject/UUID_e43f7cad-cce0-4ea7-9eff-6ffcd894aad5/>,COMMERCIAL
<http://localhost/berlin/cityobject/UUID_b348e9b6-cbef-404f-bb69-fff079fdfaf4/>,COMMERCIAL
<http://localhost/berlin/cityobject/UUID_acc29a24-e350-44e4-bf79-5f8f8783538c/>,COMMERCIAL
<http://localhost/berlin/cityobject/UUID_3cf7004f-eff7-41a9-a7ee-78976092e35d/>,WHITE
<http://localhost/berlin/cityobject/UUID_657dba3b-350f-4fb2-b809-dab997514046/>,COMMERCIAL
<http://localhost/berlin/cityobject/UUID_d35550a7-9363-4a86-ae97-79f7c86035e3/>,COMMERCIAL
<http://localhost/berlin/cityobject/UUID_3d32d5e5-10f8-4445-bf63-003ad824db29/>,COMMERCIAL
<http://localhost/berlin/cityobject/UUID_fcb5edb4-c6ce-47c0-a5a4-f8d976512f56/>,COMMERCIAL
<http://localhost/berlin/cityobject/UUID_9a684437-8099-4305-9926-56bf50c3391f/>,COMMERCIAL
<http://localhost/berlin/cityobject/UUID_db5ec2df-f330-4ff5-b06c-16faf2b458ef/>,COMMERCIAL
<http://localhost/berlin/cityobject/UUID_60e97984-e1b5-4ad4-aa22-3e2ad68be49f/>,COMMERCIAL
<http://localhost/berlin/cityobject/UUID_0cbf3009-ebf7-42f5-9368-5bfec57f83e1/>,COMMERCIAL
<http://localhost/berlin/cityobject/UUID_f0da690d-e76b-4978-8691-76e924ab61dc/>,COMMERCIAL
<http://localhost/berlin/cityobject/UUID_533afdcb-3f1d-4a97-8ff2-135c6377b2ac/>,WHITE
<http://localhost/berlin/cityobject/UUID_53f737b3-4303-4114-8da8-71843877d9ec/>,COMMERCIAL
<http://localhost/berlin/cityobject/UUID_f69887a2-4ad3-4f50-a533-f360cc4d3b1c/>,WHITE
<http://localhost/berlin/cityobject/UUID_6175c317-0244-4bed-b4b9-9e5faa7c337d/>,COMMERCIAL
<http://localhost/berlin/cityobject/UUID_2733d586-f0d0-496a-aa71-18da8f2b6ce0/>,COMMERCIAL
<http://localhost/berlin/cityobject/UUID_fc19aad8-d2c2-4bde-b45a-b157a9f10a81/>,WHITE
<http://localhost/berlin/cityobject/UUID_703beb14-67c8-41d1-a431-162e2fd2224f/>,COMMERCIAL
<http://localhost/berlin/cityobject/UUID_d627f565-7f3a-4daa-a80f-88f0c9d3ae24/>,COMMERCIAL
<http://localhost/berlin/cityobject/UUID_caec1dfa-77d6-41eb-a5a4-2c1a1eb1b325/>,WHITE
<http://localhost/berlin/cityobject/UUID_761e6154-fde7-4a9f-ad5a-30c5a5df9065/>,COMMERCIAL
<http://localhost/berlin/cityobject/UUID_63b03661-6872-4859-b407-63aa1513b9b9/>,WHITE
<http://localhost/berlin/cityobject/UUID_b7198b29-71dd-4c52-a125-70e3d995a5a2/>,COMMERCIAL
<http://localhost/berlin/cityobject/UUID_34691115-99b7-461e-8bb8-4049c5668c32/>,COMMERCIAL
<http://localhost/berlin/cityobject/UUID_bb94ffc1-eff5-45cd-9260-1cfb9f4e5a21/>,COMMERCIAL
<http://localhost/berlin/cityobject/UUID_e8fbc4fe-c586-49c6-9771-f14bbb6827c4/>,COMMERCIAL
<http://localhost/berlin/cityobject/UUID_627ea2e5-9db0-4a2c-97ba-00b975e68ddb/>,WHITE
<http://localhost/berlin/cityobject/UUID_2bdb2aa2-b663-4367-8712-60152cafe7f3/>,COMMERCIAL
<http://localhost/berlin/cityobject/UUID_bcd6c295-5770-4e21-84c7-07edefbb17cb/>,COMMERCIAL
<http://localhost/berlin/cityobject/UUID_e826b5f3-99c2-4cd0-b4e0-114c45cea6ff/>,COMMERCIAL
<http://localhost/berlin/cityobject/UUID_84c9a8fe-b846-44b9-81dd-c9c00388d647/>,COMMERCIAL
<http://localhost/berlin/cityobject/UUID_57503e8d-447e-4378-b5f9-f9bda70e03b4/>,HOTEL
<http://localhost/berlin/cityobject/UUID_20580300-1282-498f-899c-2611fe89c0fb/>,COMMERCIAL
<http://localhost/berlin/cityobject/UUID_cdf561f9-8288-42c9-89d6-b00d004970ff/>,COMMERCIAL
<http://localhost/berlin/cityobject/UUID_3e3d26d1-19a4-4d7d-9910-12f53b737f83/>,COMMERCIAL
<http://localhost/berlin/cityobject/UUID_dd6424a8-1e1b-4b84-9a6f-fafc8fea0d92/>,COMMERCIAL
<http://localhost/berlin/cityobject/UUID_a0c376de-b94f-4f2b-88ef-481f4fbcfe5b/>,COMMERCIAL
<http://localhost/berlin/cityobject/UUID_d086af75-ca3c-4f21-9904-78d6ef44106b/>,WHITE
<http://localhost/berlin/cityobject/UUID_2c515997-086f-43b8-86f1-1e694c3aa672/>,COMMERCIAL
<http://localhost/berlin/cityobject/UUID_f145b0fb-9804-45ea-b5ae-009d9d47e3a0/>,WHITE
<http://localhost/berlin/cityobject/UUID_a0d82fbd-e182-40e9-bf44-f98802a9bc3d/>,COMMERCIAL
<http://localhost/berlin/cityobject/UUID_427100f2-cf5c-4372-9348-1daa996a4444/>,COMMERCIAL
<http://localhost/berlin/cityobject/UUID_cfafc203-9ba5-4062-9a28-e653ced58940/>,WHITE
<http://localhost/berlin/cityobject/UUID_b021c7bb-2730-422d-99e6-f0044940b3c5/>,COMMERCIAL
<http://localhost/berlin/cityobject/UUID_728680ac-f16b-4744-91fd-396026a19088/>,WHITE
<http://localhost/berlin/cityobject/UUID_a08e67ec-9234-48fe-9d73-5f85d54fdc70/>,COMMERCIAL
<http://localhost/berlin/cityobject/UUID_93a8f363-37ea-47da-be74-aaf584d7d7c3/>,WHITE
<http://localhost/berlin/cityobject/UUID_a9d3c14c-2a80-4ac1-89e3-93563586c39f/>,COMMERCIAL
<http://localhost/berlin/cityobject/UUID_1e2a42db-e17d-45f7-93ca-f534eef6fd0a/>,COMMERCIAL
<http://localhost/berlin/cityobject/UUID_9247a7bc-9d73-4114-9473-988f39c2030b/>,COMMERCIAL
<http://localhost/berlin/cityobject/UUID_54411718-cb5e-4a3d-99ae-df16c065a2a5/>,COMMERCIAL
<http://localhost/berlin/cityobject/UUID_e7da7e28-9c08-49ea-be5c-9f1387d851cd/>,COMMERCIAL
<http://localhost/berlin/cityobject/UUID_06a62a72-4cd6-4347-9dba-f19b82c22c73/>,WHITE
<http://localhost/berlin/cityobject/UUID_de373788-b536-4fb0-9a86-97c1b72c96cb/>,COMMERCIAL
<http://localhost/berlin/cityobject/UUID_6b881542-4250-4fbe-8382-5c2f1e3acbfa/>,COMMERCIAL
<http://localhost/berlin/cityobject/UUID_4971df2f-5422-4b72-a5c1-908740251c76/>,COMMERCIAL
<http://localhost/berlin/cityobject/UUID_c133c65a-07c2-4ce1-9158-ece159cb67d9/>,COMMERCIAL
<http://localhost/berlin/cityobject/UUID_094fe4e6-2279-445b-99c1-0237f52aae40/>,COMMERCIAL
<http://localhost/berlin/cityobject/UUID_09d2daf1-fe91-41ed-8eab-c6b99a087c08/>,COMMERCIAL
<http://localhost/berlin/cityobject/UUID_f3b5db40-f08c-45d3-99a7-3b210697d539/>,COMMERCIAL
<http://localhost/berlin/cityobject/UUID_6d183f34-9c8f-47f4-80b4-f3b513f0a085/>,COMMERCIAL
<http://localhost/berlin/cityobject/UUID_dd9118cf-09fd-4ac3-9747-c6bebc676e2e/>,COMMERCIAL
<http://localhost/berlin/cityobject/UUID_a67778a2-9b12-4759-88fa-08b12eb701a2/>,COMMERCIAL
<http://localhost/berlin/cityobject/UUID_1568b59e-fd86-4289-b74c-160fcef14a3a/>,WHITE
<http://localhost/berlin/cityobject/UUID_32172c58-cc0e-4217-acd3-5a0e668edbc5/>,COMMERCIAL
<http://localhost/berlin/cityobject/UUID_49b30a09-5b2d-4ace-85a3-f9888fba1ff7/>,COMMERCIAL
<http://localhost/berlin/cityobject/UUID_309303e7-ad05-459b-93ab-60c44e133fb8/>,COMMERCIAL
<http://localhost/berlin/cityobject/UUID_e6fd254d-ea85-48b9-8ddb-d41d22cb36dd/>,COMMERCIAL
<http://localhost/berlin/cityobject/UUID_c393d00e-729d-4ab0-8208-bf2ce97c4cb4/>,COMMERCIAL
<http://localhost/berlin/cityobject/UUID_850b79bd-1db0-4fb2-b6c4-d1fd5cdf8327/>,COMMERCIAL
<http://localhost/berlin/cityobject/UUID_555f307a-237a-4efe-9269-5ce51416ad7c/>,WHITE
<http://localhost/berlin/cityobject/UUID_09fc1ed6-56e6-408d-b9f7-d03f1ee61da7/>,COMMERCIAL
<http://localhost/berlin/cityobject/UUID_3adf807e-e5c7-44d0-8df9-e05f42f48879/>,COMMERCIAL
<http://localhost/berlin/cityobject/UUID_d0c03a5a-bdfa-4ecc-ad75-aa3891b9a4c3/>,COMMERCIAL
<http://localhost/berlin/cityobject/UUID_6e4bcd4c-c67d-4eb5-89dc-01a4fdd8079a/>,COMMERCIAL
<http://localhost/berlin/cityobject/UUID_6609456f-7378-4e1b-b9ae-4fd80e5afa97/>,COMMERCIAL
<http://localhost/berlin/cityobject/UUID_409d5706-1d56-4dce-8a1d-f9aa90711688/>,WHITE
<http://localhost/berlin/cityobject/UUID_88ef0d3c-e770-4eba-a9a4-c4e635e1fde9/>,WHITE
<http://localhost/berlin/cityobject/UUID_dfe84403-8206-4094-8675-8853f7b77df0/>,COMMERCIAL
<http://localhost/berlin/cityobject/UUID_e743a550-51f0-482a-b352-5033f99ffda5/>,COMMERCIAL
<http://localhost/berlin/cityobject/UUID_5ae19d5c-2ab2-4f23-9b69-7feffb705dff/>,COMMERCIAL
<http://localhost/berlin/cityobject/UUID_0845ab10-e536-41a7-b0d6-9512543d5737/>,COMMERCIAL
<http://localhost/berlin/cityobject/UUID_67f8e390-88e3-4013-ab71-be7a59ec6a1d/>,COMMERCIAL
<http://localhost/berlin/cityobject/UUID_5a3799a2-8bc9-492c-9b2d-662eef888163/>,COMMERCIAL
<http://localhost/berlin/cityobject/UUID_0e11068d-2cb2-4c78-abeb-330bea4af597/>,COMMERCIAL
<http://localhost/berlin/cityobject/UUID_ed9337c1-10db-4eb4-8282-82e9747fc342/>,COMMERCIAL
<http://localhost/berlin/cityobject/UUID_4ba9bcdc-06d1-478f-b503-da2123460b3c/>,WHITE
<http://localhost/berlin/cityobject/UUID_10754aab-4c6c-49e2-82f8-08da1c87aef2/>,COMMERCIAL
<http://localhost/berlin/cityobject/UUID_6f0a74aa-1e6c-4d1d-87d2-07e8926e0aa5/>,COMMERCIAL
<http://localhost/berlin/cityobject/UUID_fd92c274-9dda-410d-9264-0c545871ed10/>,COMMERCIAL
<http://localhost/berlin/cityobject/UUID_047b8183-437b-4d12-9cfc-18c6db15e04e/>,COMMERCIAL
<http://localhost/berlin/cityobject/UUID_a35e211a-a836-4bca-9651-11c5dac7a4f8/>,COMMERCIAL
<http://localhost/berlin/cityobject/UUID_08937796-1c2b-45b7-8ff1-731aed18342c/>,COMMERCIAL
<http://localhost/berlin/cityobject/UUID_3916b6f2-1718-41ae-9ea1-f062b13d7194/>,COMMERCIAL
<http://localhost/berlin/cityobject/UUID_6b6bcf82-fb2f-4147-b047-8b82c68705f7/>,COMMERCIAL
<http://localhost/berlin/cityobject/UUID_15847111-93c4-479a-9eb7-341a757e132a/>,COMMERCIAL
<http://localhost/berlin/cityobject/UUID_0f5f2f7f-6b3a-4981-9d50-70ec1f60e0ae/>,COMMERCIAL
<http://localhost/berlin/cityobject/UUID_525ced6c-6f5d-44f9-9d20-723278b2e333/>,WHITE
<http://localhost/berlin/cityobject/UUID_9066a40e-8cb3-43ca-ab78-1e0cc2c7e678/>,COMMERCIAL
<http://localhost/berlin/cityobject/UUID_6275e77c-0db1-49a8-af1d-74c5a6795c63/>,COMMERCIAL
<http://localhost/berlin/cityobject/UUID_59bb5367-cda0-478a-b74c-39225d34ab24/>,COMMERCIAL
<http://localhost/berlin/cityobject/UUID_40c4a238-0e7c-44a8-836d-842571e50c14/>,COMMERCIAL
<http://localhost/berlin/cityobject/UUID_0dc2f703-7e22-49b8-813b-538f3ec3643f/>,COMMERCIAL
<http://localhost/berlin/cityobject/UUID_89cf69d1-8003-4278-8498-2d53f9bd2052/>,COMMERCIAL
<http://localhost/berlin/cityobject/UUID_e8c41e1d-a6c1-4a55-a5b2-5733510524d7/>,COMMERCIAL
<http://localhost/berlin/cityobject/UUID_0086df69-76b0-4f05-986f-c3b5e412f1b5/>,COMMERCIAL
<http://localhost/berlin/cityobject/UUID_67751fc3-e4b0-484c-aa8d-e473566d1c43/>,COMMERCIAL
<http://localhost/berlin/cityobject/UUID_11ed1fb5-b0f8-402e-85d1-4e36fe4b5ea3/>,COMMERCIAL
<http://localhost/berlin/cityobject/UUID_573d49aa-f34b-46b4-8846-8cd4f75ee21d/>,COMMERCIAL
<http://localhost/berlin/cityobject/UUID_01687837-1e41-4829-a56f-06c8e3e93371/>,COMMERCIAL
<http://localhost/berlin/cityobject/UUID_ec3b7b8d-21de-4c02-9f1c-1156e92a79c9/>,WHITE
<http://localhost/berlin/cityobject/UUID_678f2bf5-ac06-4035-a878-b924f6bba51b/>,COMMERCIAL
<http://localhost/berlin/cityobject/UUID_2819d78f-acf5-4f58-8ce7-e524daaad1dd/>,COMMERCIAL
<http://localhost/berlin/cityobject/UUID_f6314f8f-05fc-48b9-afcf-0fb4695cd298/>,COMMERCIAL
<http://localhost/berlin/cityobject/UUID_cc110db4-9838-43c4-9120-84a6f03817f6/>,COMMERCIAL
<http://localhost/berlin/cityobject/UUID_d2316e72-96d0-4c8d-a842-4c07d9b1aa04/>,WHITE
<http://localhost/berlin/cityobject/UUID_845eb3aa-9c66-4869-a64b-d5edb5a1f99a/>,COMMERCIAL
<http://localhost/berlin/cityobject/UUID_895a6767-cfed-477a-9e1a-66b1991ab883/>,COMMERCIAL
<http://localhost/berlin/cityobject/UUID_5a28edc2-6b70-4620-b42a-82a447f5b524/>,WHITE
<http://localhost/berlin/cityobject/UUID_7c63b3be-bd4e-49fd-8d2a-6d29acb196f6/>,COMMERCIAL
<http://localhost/berlin/cityobject/UUID_ef250ee6-3260-4047-b214-569bb4855e1e/>,COMMERCIAL
<http://localhost/berlin/cityobject/UUID_894abd82-1096-4680-8c45-687c4c872518/>,COMMERCIAL
<http://localhost/berlin/cityobject/UUID_05a1b8da-725e-439b-be52-f0e4cfae79bd/>,COMMERCIAL
<http://localhost/berlin/cityobject/UUID_ea6eea78-87f7-4b9a-830c-04ace283b5a9/>,HOTEL
<http://localhost/berlin/cityobject/UUID_e28538b4-57c7-4cb7-b3a0-5ee6d258930f/>,WHITE
<http://localhost/berlin/cityobject/UUID_ca298f25-95be-4d2a-81d5-23e9bf11d150/>,RESIDENTIAL WITH COMMERCIAL AT 1ST STOREY
<http://localhost/berlin/cityobject/UUID_0e51ad65-1d10-4d01-8a14-3359d0a64084/>,COMMERCIAL
<http://localhost/berlin/cityobject/UUID_1437ceab-f69b-4918-a2b4-df65fa06fe40/>,COMMERCIAL
<http://localhost/berlin/cityobject/UUID_d47c9821-3afa-4f71-a105-a5c197dcbe61/>,COMMERCIAL
<http://localhost/berlin/cityobject/UUID_46089774-1c90-46a0-8f4f-782a0bc820f3/>,COMMERCIAL
<http://localhost/berlin/cityobject/UUID_5e3cdcbd-f07a-42ca-89d7-fcb45eff15a3/>,COMMERCIAL
<http://localhost/berlin/cityobject/UUID_bfb648c3-47a9-4aa6-86ba-195d3b6c6912/>,WHITE
<http://localhost/berlin/cityobject/UUID_e3eace54-efad-4af1-9817-8150db1f0435/>,RESIDENTIAL WITH COMMERCIAL AT 1ST STOREY
<http://localhost/berlin/cityobject/UUID_19e86175-cf94-4056-89d5-d86adb692efb/>,WHITE
<http://localhost/berlin/cityobject/UUID_f8c566a1-f2cb-4821-9e84-058a22a11a61/>,COMMERCIAL
<http://localhost/berlin/cityobject/UUID_d4b3e926-dd3c-4483-b17d-4986d3032ab7/>,COMMERCIAL
<http://localhost/berlin/cityobject/UUID_dfd2eeb7-5260-4404-95b6-f94ddc0d33a5/>,COMMERCIAL
<http://localhost/berlin/cityobject/UUID_3df583e1-ee01-40af-828a-0dd881cfc4a8/>,COMMERCIAL
<http://localhost/berlin/cityobject/UUID_5f7cbcab-ff8a-4300-8aff-2539132e499b/>,COMMERCIAL
<http://localhost/berlin/cityobject/UUID_a32c4a7c-b83e-4723-81e6-07798b3c238b/>,WHITE
<http://localhost/berlin/cityobject/UUID_365bd591-00e4-4dd2-af5c-d96a427703f4/>,COMMERCIAL
<http://localhost/berlin/cityobject/UUID_d3e2975e-42a7-46f7-aae1-e368068e08a1/>,COMMERCIAL
<http://localhost/berlin/cityobject/UUID_15847111-93c4-479a-9eb7-341a757e132a/>,COMMERCIAL
<http://localhost/berlin/cityobject/UUID_1845810f-88e8-401d-b78b-c0ba94a4ed1a/>,RESIDENTIAL WITH COMMERCIAL AT 1ST STOREY
<http://localhost/berlin/cityobject/UUID_c530e4de-8c52-4289-b479-a167b0044333/>,COMMERCIAL
<http://localhost/berlin/cityobject/UUID_54433ca9-798b-4729-b882-0a4d66200751/>,COMMERCIAL
<http://localhost/berlin/cityobject/UUID_98ec94ba-38b1-450b-9dfe-add10592e921/>,COMMERCIAL
<http://localhost/berlin/cityobject/UUID_047a25ff-84b0-4d8b-b0b9-5b9fac271963/>,COMMERCIAL
<http://localhost/berlin/cityobject/UUID_c09d043a-15e3-4103-8b74-9d1abdea987f/>,RESIDENTIAL WITH COMMERCIAL AT 1ST STOREY
<http://localhost/berlin/cityobject/UUID_70bded6c-55ce-4ae5-ba71-0cb083107822/>,COMMERCIAL
<http://localhost/berlin/cityobject/UUID_3ac79087-37e9-440e-b607-aa828c9022ae/>,COMMERCIAL
<http://localhost/berlin/cityobject/UUID_d5d11522-a0fe-4ca3-98c5-84cef3299470/>,COMMERCIAL
<http://localhost/berlin/cityobject/UUID_9de8c274-30a7-4da1-bc9a-278f9188372b/>,COMMERCIAL
<http://localhost/berlin/cityobject/UUID_ab741b5a-2c98-42e2-95eb-23a3015fec3e/>,COMMERCIAL
<http://localhost/berlin/cityobject/UUID_0f5f2f7f-6b3a-4981-9d50-70ec1f60e0ae/>,COMMERCIAL
<http://localhost/berlin/cityobject/UUID_286eb7e3-ef29-44c4-beec-cd2e27dfdb82/>,COMMERCIAL
<http://localhost/berlin/cityobject/UUID_8d5c3c58-a185-4032-8e3a-e01c0a953b44/>,WHITE
<http://localhost/berlin/cityobject/UUID_525ced6c-6f5d-44f9-9d20-723278b2e333/>,WHITE
<http://localhost/berlin/cityobject/UUID_ad251d17-797c-4013-8793-a0d2090929da/>,RESIDENTIAL WITH COMMERCIAL AT 1ST STOREY
<http://localhost/berlin/cityobject/UUID_d8742d21-0c5f-4da3-bb82-2f6ef70f5bf7/>,COMMERCIAL
<http://localhost/berlin/cityobject/UUID_fa9a14bb-ac05-4389-889d-bc5aa951241d/>,COMMERCIAL
<http://localhost/berlin/cityobject/UUID_184da8d9-3215-4776-9f5c-e191d38768b8/>,COMMERCIAL
<http://localhost/berlin/cityobject/UUID_856da584-4cfb-4b1a-8052-2202b239777f/>,COMMERCIAL & RESIDENTIAL
<http://localhost/berlin/cityobject/UUID_e89569b9-e61e-4d5c-9d8c-06eb81ca489f/>,COMMERCIAL
<http://localhost/berlin/cityobject/UUID_39b97281-f667-4e2b-8b27-22e71195f628/>,COMMERCIAL
<http://localhost/berlin/cityobject/UUID_e43f7cad-cce0-4ea7-9eff-6ffcd894aad5/>,COMMERCIAL
<http://localhost/berlin/cityobject/UUID_9066a40e-8cb3-43ca-ab78-1e0cc2c7e678/>,COMMERCIAL
<http://localhost/berlin/cityobject/UUID_b348e9b6-cbef-404f-bb69-fff079fdfaf4/>,COMMERCIAL
<http://localhost/berlin/cityobject/UUID_acc29a24-e350-44e4-bf79-5f8f8783538c/>,COMMERCIAL
<http://localhost/berlin/cityobject/UUID_3cf7004f-eff7-41a9-a7ee-78976092e35d/>,WHITE
<http://localhost/berlin/cityobject/UUID_657dba3b-350f-4fb2-b809-dab997514046/>,COMMERCIAL
<http://localhost/berlin/cityobject/UUID_d35550a7-9363-4a86-ae97-79f7c86035e3/>,COMMERCIAL
<http://localhost/berlin/cityobject/UUID_3d32d5e5-10f8-4445-bf63-003ad824db29/>,COMMERCIAL
<http://localhost/berlin/cityobject/UUID_fcb5edb4-c6ce-47c0-a5a4-f8d976512f56/>,COMMERCIAL
<http://localhost/berlin/cityobject/UUID_9a684437-8099-4305-9926-56bf50c3391f/>,COMMERCIAL
<http://localhost/berlin/cityobject/UUID_db5ec2df-f330-4ff5-b06c-16faf2b458ef/>,COMMERCIAL
<http://localhost/berlin/cityobject/UUID_60e97984-e1b5-4ad4-aa22-3e2ad68be49f/>,COMMERCIAL
<http://localhost/berlin/cityobject/UUID_0cbf3009-ebf7-42f5-9368-5bfec57f83e1/>,COMMERCIAL
<http://localhost/berlin/cityobject/UUID_6275e77c-0db1-49a8-af1d-74c5a6795c63/>,COMMERCIAL
<http://localhost/berlin/cityobject/UUID_59bb5367-cda0-478a-b74c-39225d34ab24/>,COMMERCIAL
<http://localhost/berlin/cityobject/UUID_40c4a238-0e7c-44a8-836d-842571e50c14/>,COMMERCIAL
<http://localhost/berlin/cityobject/UUID_0dc2f703-7e22-49b8-813b-538f3ec3643f/>,COMMERCIAL
<http://localhost/berlin/cityobject/UUID_bfabc522-7c9e-42ec-9dae-05c8e684f5a4/>,COMMERCIAL
<http://localhost/berlin/cityobject/UUID_69a9d4c0-89e9-4de1-819c-0d114bfff6fe/>,WHITE
<http://localhost/berlin/cityobject/UUID_e8ba11c0-dac9-4e85-b501-ba0576097d00/>,COMMERCIAL
<http://localhost/berlin/cityobject/UUID_34eb8c32-166d-4f0d-8ebe-f3d1a7d12f44/>,COMMERCIAL
<http://localhost/berlin/cityobject/UUID_9bf75f16-263f-489d-9a74-559acbcefe12/>,COMMERCIAL
<http://localhost/berlin/cityobject/UUID_545cf0ea-0c66-4f87-a3ca-3b1914f3a410/>,COMMERCIAL
<http://localhost/berlin/cityobject/UUID_63a33239-0fa7-43df-af11-ebf09de7f5ad/>,COMMERCIAL
<http://localhost/berlin/cityobject/UUID_59244a6e-3df0-4d39-acce-2b332cb987f3/>,COMMERCIAL
<http://localhost/berlin/cityobject/UUID_91d76413-0bbe-4502-82e6-019c31386a08/>,COMMERCIAL
<http://localhost/berlin/cityobject/UUID_89cf69d1-8003-4278-8498-2d53f9bd2052/>,COMMERCIAL
<http://localhost/berlin/cityobject/UUID_e8c41e1d-a6c1-4a55-a5b2-5733510524d7/>,COMMERCIAL
<http://localhost/berlin/cityobject/UUID_0086df69-76b0-4f05-986f-c3b5e412f1b5/>,COMMERCIAL
<http://localhost/berlin/cityobject/UUID_67751fc3-e4b0-484c-aa8d-e473566d1c43/>,COMMERCIAL
<http://localhost/berlin/cityobject/UUID_11ed1fb5-b0f8-402e-85d1-4e36fe4b5ea3/>,COMMERCIAL
<http://localhost/berlin/cityobject/UUID_573d49aa-f34b-46b4-8846-8cd4f75ee21d/>,COMMERCIAL
<http://localhost/berlin/cityobject/UUID_01687837-1e41-4829-a56f-06c8e3e93371/>,COMMERCIAL
<http://localhost/berlin/cityobject/UUID_ec3b7b8d-21de-4c02-9f1c-1156e92a79c9/>,WHITE
<http://localhost/berlin/cityobject/UUID_678f2bf5-ac06-4035-a878-b924f6bba51b/>,COMMERCIAL
<http://localhost/berlin/cityobject/UUID_2819d78f-acf5-4f58-8ce7-e524daaad1dd/>,COMMERCIAL
<http://localhost/berlin/cityobject/UUID_f6314f8f-05fc-48b9-afcf-0fb4695cd298/>,COMMERCIAL
<http://localhost/berlin/cityobject/UUID_cc110db4-9838-43c4-9120-84a6f03817f6/>,COMMERCIAL
<http://localhost/berlin/cityobject/UUID_c353d760-4904-4c70-b9f8-c45ebfdf4f9b/>,WHITE
<http://localhost/berlin/cityobject/UUID_c3b0cb02-65d8-48f5-8110-25468d26d108/>,COMMERCIAL
<http://localhost/berlin/cityobject/UUID_88b91d00-39ba-433d-9b3a-a3e975638e6a/>,COMMERCIAL
<http://localhost/berlin/cityobject/UUID_c49f1be9-f01c-4b7c-a7b4-44ba6ab1b493/>,COMMERCIAL
<http://localhost/berlin/cityobject/UUID_397466a2-a156-4fea-96de-b3319dd5e4c4/>,COMMERCIAL
<http://localhost/berlin/cityobject/UUID_8af45317-9f46-4f45-b5d9-9137915273f2/>,COMMERCIAL
<http://localhost/berlin/cityobject/UUID_ff9bc2c5-4d83-4ae5-b932-88e7be77d7c4/>,COMMERCIAL
<http://localhost/berlin/cityobject/UUID_0a1cef08-5463-4a4f-98b4-7209ba8badc6/>,COMMERCIAL
<http://localhost/berlin/cityobject/UUID_047cc464-d116-4c41-a75c-9efc8967849e/>,WHITE
<http://localhost/berlin/cityobject/UUID_b7ef0711-eacb-4a05-a420-ea8667b037b1/>,COMMERCIAL
<http://localhost/berlin/cityobject/UUID_4a5c2062-ae29-46cc-9a9d-8a137110d9c2/>,COMMERCIAL
<http://localhost/berlin/cityobject/UUID_b4e445dc-2257-4d63-a80d-42d8fc8cae7d/>,COMMERCIAL
<http://localhost/berlin/cityobject/UUID_c7170a1e-d365-4e21-a127-7b9ecfe477f3/>,COMMERCIAL
<http://localhost/berlin/cityobject/UUID_8c007ecc-dd57-47fe-a535-8709afe2d94d/>,WHITE
<http://localhost/berlin/cityobject/UUID_61ecaaba-526f-4bc3-a576-9a46dfc11adb/>,COMMERCIAL
<http://localhost/berlin/cityobject/UUID_0d7ba9d6-d947-4d0c-ac3a-32c813843b25/>,COMMERCIAL
<http://localhost/berlin/cityobject/UUID_275087c6-44fc-4b43-92d3-a8c14b0d48ab/>,COMMERCIAL
<http://localhost/berlin/cityobject/UUID_a1817966-df0b-4521-85d9-eaa8d35fdcbe/>,COMMERCIAL
<http://localhost/berlin/cityobject/UUID_355ed849-5d3f-4a79-8722-fdb179eae4de/>,COMMERCIAL
<http://localhost/berlin/cityobject/UUID_3d580df4-bb62-458f-8059-8cad799b7d68/>,COMMERCIAL
<http://localhost/berlin/cityobject/UUID_cee3b7b5-ec45-4571-941f-18fabdc79956/>,COMMERCIAL
<http://localhost/berlin/cityobject/UUID_4e2b4e21-89f0-4eef-ba22-e1d5a97c5bff/>,COMMERCIAL
<http://localhost/berlin/cityobject/UUID_68280943-7ac7-4090-8e62-672e4058ed25/>,COMMERCIAL
<http://localhost/berlin/cityobject/UUID_f07cca78-d3a0-40e9-b13e-3b6da358db39/>,COMMERCIAL
<http://localhost/berlin/cityobject/UUID_4081f98e-6ca5-498a-be3d-6310e62d6157/>,COMMERCIAL
<http://localhost/berlin/cityobject/UUID_e5e214bc-b169-4c18-92e3-40a043214e17/>,COMMERCIAL
<http://localhost/berlin/cityobject/UUID_7de22c11-ecf9-4bcb-a40f-b580120bee85/>,COMMERCIAL
<http://localhost/berlin/cityobject/UUID_45fee757-4cf3-44d0-b7d4-8ffb9083cfa4/>,WHITE
<http://localhost/berlin/cityobject/UUID_7408438c-be37-47e6-8d1d-dbbb3bac6ad0/>,COMMERCIAL
<http://localhost/berlin/cityobject/UUID_eefd67b4-77ff-4c98-9b9c-79e2a1c561ab/>,COMMERCIAL
<http://localhost/berlin/cityobject/UUID_5b7183e5-8de1-40ef-9c22-857a4ff21139/>,COMMERCIAL
<http://localhost/berlin/cityobject/UUID_bdb8a49e-ad7a-4184-a342-22df5b95cc13/>,COMMERCIAL
<http://localhost/berlin/cityobject/UUID_b61466e1-1455-43f7-9919-faeabf681039/>,COMMERCIAL
<http://localhost/berlin/cityobject/UUID_be3a6871-b3c5-4d91-a9ed-bde04d053419/>,COMMERCIAL
<http://localhost/berlin/cityobject/UUID_c326a5b7-e4ae-4d3f-b986-f42f21a69fcc/>,COMMERCIAL
<http://localhost/berlin/cityobject/UUID_376f6a07-077b-4fac-9b40-baebb1b0be0b/>,COMMERCIAL
<http://localhost/berlin/cityobject/UUID_30bfdccc-0413-479f-a1e7-6ceceaea44b5/>,COMMERCIAL
<http://localhost/berlin/cityobject/UUID_03cd4e70-951b-467d-8a50-67b19ee68bba/>,COMMERCIAL
<http://localhost/berlin/cityobject/UUID_f7465980-a812-4741-8b74-de9e199a9bdd/>,WHITE
<http://localhost/berlin/cityobject/UUID_2f24520e-1894-4b47-b986-27fdc79df587/>,RESIDENTIAL WITH COMMERCIAL AT 1ST STOREY
<http://localhost/berlin/cityobject/UUID_ebd312a7-a83d-4ee8-a714-39c630dfc5e1/>,COMMERCIAL
<http://localhost/berlin/cityobject/UUID_0c83fe83-1d14-403b-80f4-9b0218f49ad2/>,COMMERCIAL
<http://localhost/berlin/cityobject/UUID_79984a95-0b70-4d84-b694-778d32470023/>,WHITE
<http://localhost/berlin/cityobject/UUID_7d631b4e-1888-400e-bdac-daeb64bfd38d/>,COMMERCIAL
<http://localhost/berlin/cityobject/UUID_31870388-213a-4a2f-b67f-11d14e3ed24f/>,COMMERCIAL
<http://localhost/berlin/cityobject/UUID_4c17bcb6-e97e-420b-b570-71141aab0546/>,COMMERCIAL
<http://localhost/berlin/cityobject/UUID_884a854a-ccd7-46f0-b185-1caa47cbd716/>,COMMERCIAL
<http://localhost/berlin/cityobject/UUID_163336a8-406f-4630-b3d0-281f7ee42817/>,COMMERCIAL
<http://localhost/berlin/cityobject/UUID_e2535b11-73f9-4de2-a426-64989f84deb3/>,COMMERCIAL
<http://localhost/berlin/cityobject/UUID_bafb467e-d48a-4bd3-9ccc-f395408a5d32/>,COMMERCIAL
<http://localhost/berlin/cityobject/UUID_a46514e7-4320-4af7-9bb9-86585dae2a27/>,WHITE
<http://localhost/berlin/cityobject/UUID_1061a945-a353-4736-b3b0-72199602a53b/>,COMMERCIAL
<http://localhost/berlin/cityobject/UUID_32f58feb-b61e-427f-a9ad-14ccf27357de/>,COMMERCIAL
<http://localhost/berlin/cityobject/UUID_24109bcd-18fa-4398-a6df-0b93cf10ce9e/>,COMMERCIAL
<http://localhost/berlin/cityobject/UUID_32291b0c-fe00-4d0c-b3c9-69633420634a/>,WHITE
<http://localhost/berlin/cityobject/UUID_5ff09a45-3650-4fd9-b939-f4915149277d/>,COMMERCIAL
<http://localhost/berlin/cityobject/UUID_7c9ae11f-64c8-4178-8478-bdcc5c633b15/>,COMMERCIAL
<http://localhost/berlin/cityobject/UUID_a1964357-f246-45b7-81a7-3da0f191441b/>,COMMERCIAL
<http://localhost/berlin/cityobject/UUID_a8f75a87-669f-40c9-985e-047bc7d98c66/>,WHITE
<http://localhost/berlin/cityobject/UUID_7a089ecb-b2a9-44aa-88b6-7d5a7c4ec22b/>,COMMERCIAL
<http://localhost/berlin/cityobject/UUID_4ee69e0d-095d-4581-8585-5ff919bd12ef/>,COMMERCIAL
<http://localhost/berlin/cityobject/UUID_e7f8af22-9b25-4bf5-a857-573f2a3f6891/>,RESIDENTIAL WITH COMMERCIAL AT 1ST STOREY
<http://localhost/berlin/cityobject/UUID_34b46438-1627-4c4f-8c59-f56e0e450d0e/>,COMMERCIAL
<http://localhost/berlin/cityobject/UUID_140070ed-812e-44c6-a589-aec295b4155a/>,COMMERCIAL
<http://localhost/berlin/cityobject/UUID_a65cfec6-4bf4-44e5-93fb-73b088c47c78/>,COMMERCIAL
<http://localhost/berlin/cityobject/UUID_0fa3ef18-43e1-4a7e-8040-f8350c6de953/>,COMMERCIAL
<http://localhost/berlin/cityobject/UUID_41c9a043-c241-421a-a290-3b92f255fbad/>,COMMERCIAL
<http://localhost/berlin/cityobject/UUID_0ee385bb-5372-4246-a156-d013d2bdbe20/>,COMMERCIAL
<http://localhost/berlin/cityobject/UUID_da8b7635-9944-47fd-9849-23f13dc01e29/>,COMMERCIAL
<http://localhost/berlin/cityobject/UUID_5dfd13bc-b049-4627-9eaa-a983b0d68bc2/>,COMMERCIAL
<http://localhost/berlin/cityobject/UUID_b38fdf7a-faa8-4abb-9e2b-def1fc6c021f/>,COMMERCIAL
<http://localhost/berlin/cityobject/UUID_c2f21482-80bc-40cd-be21-ff38cdfb0d31/>,COMMERCIAL
<http://localhost/berlin/cityobject/UUID_3b0afd9d-24b9-40e5-bb79-6b693dcf8e9c/>,COMMERCIAL
<http://localhost/berlin/cityobject/UUID_62df0cd0-cc75-4a7d-894a-cb680180463d/>,COMMERCIAL
<http://localhost/berlin/cityobject/UUID_7e745456-c207-4976-aa47-621d9b043b72/>,COMMERCIAL
<http://localhost/berlin/cityobject/UUID_b78d4e12-cd46-4733-a877-583c3406e378/>,COMMERCIAL
<http://localhost/berlin/cityobject/UUID_fb584b5d-2dcf-402b-81db-f18bc37d94df/>,COMMERCIAL
<http://localhost/berlin/cityobject/UUID_019e6f32-f806-4e6f-8918-250c83ad6af1/>,COMMERCIAL
<http://localhost/berlin/cityobject/UUID_85a794f9-58fd-4519-baf0-7fcd657098e8/>,COMMERCIAL
<http://localhost/berlin/cityobject/UUID_266d37c5-6b91-4264-99c1-4fc18685ed42/>,COMMERCIAL
<http://localhost/berlin/cityobject/UUID_64b22990-ac02-452e-bd78-bcc09b30e7ef/>,COMMERCIAL
<http://localhost/berlin/cityobject/UUID_a92a63ee-d237-4d95-9e7b-fb02a69abcce/>,COMMERCIAL
<http://localhost/berlin/cityobject/UUID_68862772-7bea-4d6b-b048-be7111d7e1f9/>,WHITE
<http://localhost/berlin/cityobject/UUID_01c73eed-ce9e-4193-a776-c32fbd9306e5/>,WHITE
<http://localhost/berlin/cityobject/UUID_755aa2ad-5551-4d2c-863f-3c2938e8b971/>,COMMERCIAL
<http://localhost/berlin/cityobject/UUID_3186e704-d0d3-4d7d-b0df-01507555ecb1/>,COMMERCIAL
<http://localhost/berlin/cityobject/UUID_d995cecd-e4f1-437c-8023-14d7636e84d6/>,COMMERCIAL
<http://localhost/berlin/cityobject/UUID_912dcc92-9ecd-46e9-8685-cca718d21828/>,COMMERCIAL
<http://localhost/berlin/cityobject/UUID_88c842d2-aca8-4c22-8f8d-0bf03e20202f/>,COMMERCIAL
<http://localhost/berlin/cityobject/UUID_3c91aeba-bf4e-4ad0-a1a6-5c9c6cec460a/>,COMMERCIAL
<http://localhost/berlin/cityobject/UUID_1bead0bb-fa3e-4b80-91e8-3541690561e8/>,COMMERCIAL
<http://localhost/berlin/cityobject/UUID_c69bad3c-f9c8-42d9-ac00-4b4ebb4ddf3f/>,COMMERCIAL
<http://localhost/berlin/cityobject/UUID_de5b0815-1138-4e41-923a-b0f978c8e200/>,COMMERCIAL
<http://localhost/berlin/cityobject/UUID_33372240-65c0-4a75-b320-34576710bbff/>,COMMERCIAL
<http://localhost/berlin/cityobject/UUID_2405d29f-6753-4286-b6de-3dc6f0f4620f/>,COMMERCIAL
<http://localhost/berlin/cityobject/UUID_cd0e36a6-d061-4612-816a-6b6880f8917b/>,COMMERCIAL
<http://localhost/berlin/cityobject/UUID_8f081c77-8ab7-4869-ad27-152ecd38a2be/>,COMMERCIAL
<http://localhost/berlin/cityobject/UUID_f5c9159d-845d-421b-a81a-f2e59486af22/>,COMMERCIAL
<http://localhost/berlin/cityobject/UUID_a3dfb2e9-203a-4028-887f-be2c20805ef9/>,COMMERCIAL
<http://localhost/berlin/cityobject/UUID_a11a601c-c370-4d4b-8a33-83fd71634d9c/>,COMMERCIAL
<http://localhost/berlin/cityobject/UUID_f67a1005-1216-4bec-b745-8e6469485f9d/>,COMMERCIAL
<http://localhost/berlin/cityobject/UUID_581688cb-6c97-4cd7-b6d5-501476271112/>,WHITE
<http://localhost/berlin/cityobject/UUID_d45ff15c-c340-42c0-99f6-3d584aa5e9fa/>,COMMERCIAL
<http://localhost/berlin/cityobject/UUID_e9e88bde-8244-413e-8ea7-0f7335ae5b27/>,COMMERCIAL
<http://localhost/berlin/cityobject/UUID_76198537-6e27-4dc9-8bd2-e8cd8520b502/>,COMMERCIAL
<http://localhost/berlin/cityobject/UUID_3d169b25-ee06-4b08-9d8d-645f1c0a5e1b/>,COMMERCIAL
<http://localhost/berlin/cityobject/UUID_fc25e6e5-7d5a-4676-a293-0e94e54d83f3/>,COMMERCIAL
<http://localhost/berlin/cityobject/UUID_c1b1fc7d-4bf2-4ee4-91fe-aae146615fd7/>,COMMERCIAL
<http://localhost/berlin/cityobject/UUID_996dd5a1-3251-45ee-93b5-eae9fb4cb735/>,COMMERCIAL
<http://localhost/berlin/cityobject/UUID_63f7ecfa-42d3-46c3-a7df-392e60cd72f2/>,COMMERCIAL
<http://localhost/berlin/cityobject/UUID_09f8fb28-d22a-406a-980b-b3b4e8939db6/>,COMMERCIAL
<http://localhost/berlin/cityobject/UUID_92354524-47cc-4b6d-9ac3-b085765ff892/>,COMMERCIAL
<http://localhost/berlin/cityobject/UUID_aefd9db9-8f39-4eab-8ab9-b5b38e8d721e/>,COMMERCIAL
<http://localhost/berlin/cityobject/UUID_b586a8e7-a533-445b-ac6c-77baab10d4d3/>,COMMERCIAL
<http://localhost/berlin/cityobject/UUID_4895df77-87c9-4b55-9fa3-3360b1e4ac5a/>,COMMERCIAL
<http://localhost/berlin/cityobject/UUID_30ebd794-76cf-4093-8919-1d6b08c5ceb5/>,COMMERCIAL
<http://localhost/berlin/cityobject/UUID_87a80e48-7765-43ed-98f6-e6d5f04decf5/>,COMMERCIAL
<http://localhost/berlin/cityobject/UUID_2a3bc2b2-a655-4e9d-a2d4-eb7bb400ffa7/>,COMMERCIAL
<http://localhost/berlin/cityobject/UUID_cd1a133d-b623-4f46-b75a-d909bd9e07b4/>,COMMERCIAL
<http://localhost/berlin/cityobject/UUID_ad38aa13-d58f-4e5b-99dd-f233ae894627/>,COMMERCIAL
<http://localhost/berlin/cityobject/UUID_401f4aa8-7414-4617-b6cb-3ea5d92b62b4/>,COMMERCIAL
<http://localhost/berlin/cityobject/UUID_a2aa6b5a-2c4e-4e7a-8152-beddc8599695/>,COMMERCIAL
<http://localhost/berlin/cityobject/UUID_e5d2c858-678e-429b-947f-23917e8cf753/>,COMMERCIAL
<http://localhost/berlin/cityobject/UUID_7305452d-5e9c-4dc7-9d53-76dd4f2e64cd/>,COMMERCIAL
<http://localhost/berlin/cityobject/UUID_d22b5603-aceb-4a98-8aa5-7f2edcc5cfa0/>,COMMERCIAL
<http://localhost/berlin/cityobject/UUID_29666be9-30a5-4c14-915f-4d3e515f41f3/>,COMMERCIAL
<http://localhost/berlin/cityobject/UUID_f5a7a2d9-3159-4cc1-bcb9-d0abd74a2b13/>,WHITE
<http://localhost/berlin/cityobject/UUID_e3eace54-efad-4af1-9817-8150db1f0435/>,RESIDENTIAL WITH COMMERCIAL AT 1ST STOREY
<http://localhost/berlin/cityobject/UUID_19e86175-cf94-4056-89d5-d86adb692efb/>,WHITE
<http://localhost/berlin/cityobject/UUID_132f694e-9a9e-4450-962d-4555e4675488/>,COMMERCIAL
<http://localhost/berlin/cityobject/UUID_7c8c50f7-7c18-4d2c-a9fa-e6126cd37f22/>,COMMERCIAL
<http://localhost/berlin/cityobject/UUID_54a0752f-0789-4371-82b4-e89b629b3c1a/>,WHITE
<http://localhost/berlin/cityobject/UUID_884577e1-cdb4-4ded-ae2a-c509824965cb/>,WHITE
<http://localhost/berlin/cityobject/UUID_2b6314db-2d4b-47bd-b7c7-59d90488c40d/>,COMMERCIAL
<http://localhost/berlin/cityobject/UUID_25028b3c-607f-444c-84ea-65f75af0970f/>,COMMERCIAL
<http://localhost/berlin/cityobject/UUID_358f1e3c-cc0b-4f72-94c8-d3b92dd44982/>,COMMERCIAL
<http://localhost/berlin/cityobject/UUID_cebe3f6f-d9c7-4c56-a1b3-bddae8a329e9/>,COMMERCIAL
<http://localhost/berlin/cityobject/UUID_cf1597ff-0d65-49d4-97b6-fa4d2593aa94/>,WHITE
<http://localhost/berlin/cityobject/UUID_758c1b7b-3612-45d7-8ded-2dc5dfb42d27/>,WHITE
<http://localhost/berlin/cityobject/UUID_18bfd571-e088-4d22-8881-3a7ae86e787c/>,COMMERCIAL
<http://localhost/berlin/cityobject/UUID_16fd6cc9-f7e7-4ff1-a7f9-a1dae0d3acbc/>,COMMERCIAL
<http://localhost/berlin/cityobject/UUID_d4f22d73-9303-406a-923e-b4ac49b86bb3/>,COMMERCIAL
<http://localhost/berlin/cityobject/UUID_9fb744ad-9529-4617-a706-f01aacc6d721/>,COMMERCIAL
<http://localhost/berlin/cityobject/UUID_476b0526-74ae-4f69-aa80-c146c00cdae2/>,COMMERCIAL
<http://localhost/berlin/cityobject/UUID_852b5cbe-9b17-4ace-ba95-1ddf7697df3b/>,COMMERCIAL
<http://localhost/berlin/cityobject/UUID_a8b2dba4-b63c-4607-9ce0-a67651250f62/>,COMMERCIAL
<http://localhost/berlin/cityobject/UUID_dbdd2840-2cf3-4069-b520-61ce0a089d93/>,COMMERCIAL
<http://localhost/berlin/cityobject/UUID_b2243266-f442-401c-9d7d-d2de452d3192/>,COMMERCIAL
<http://localhost/berlin/cityobject/UUID_0cf486e7-224a-40eb-a2a4-e569dc2b0f15/>,COMMERCIAL
<http://localhost/berlin/cityobject/UUID_12e0140c-19fa-4e76-aaa4-62327102d4db/>,COMMERCIAL
<http://localhost/berlin/cityobject/UUID_dd303f4e-7b18-4609-8567-34f09a601cf1/>,COMMERCIAL
<http://localhost/berlin/cityobject/UUID_b19a8ab0-7b25-4677-a2a6-1fbdc13ef62c/>,COMMERCIAL
<http://localhost/berlin/cityobject/UUID_eb06fcd7-fd2d-4b28-84ac-796f6d947891/>,COMMERCIAL
<http://localhost/berlin/cityobject/UUID_972233f9-6544-41ce-9279-3c3643fb3970/>,COMMERCIAL
<http://localhost/berlin/cityobject/UUID_552b218a-63b2-4208-b882-24fa766519e2/>,COMMERCIAL
<http://localhost/berlin/cityobject/UUID_bfaaa7a7-fbb1-4cdc-b544-0bf5118b2037/>,COMMERCIAL
<http://localhost/berlin/cityobject/UUID_2ebbc8c6-4d75-4225-8cbd-00e176694afe/>,COMMERCIAL
<http://localhost/berlin/cityobject/UUID_544b8160-20af-48cc-85fa-e25344b8ddc3/>,COMMERCIAL
<http://localhost/berlin/cityobject/UUID_4e6a1766-4486-432a-bf29-c32b971b630e/>,COMMERCIAL
<http://localhost/berlin/cityobject/UUID_896937a4-d963-4631-8939-713c81ebfd48/>,COMMERCIAL
<http://localhost/berlin/cityobject/UUID_0fd0c484-f0fd-42b6-bc84-8f7e00a001e6/>,COMMERCIAL
<http://localhost/berlin/cityobject/UUID_71f15a51-d9b9-419b-ac7f-d25753df42df/>,COMMERCIAL
<http://localhost/berlin/cityobject/UUID_b2beb012-91c9-482a-806d-e3b255ca2b5f/>,COMMERCIAL
<http://localhost/berlin/cityobject/UUID_9a2fbcc1-c07f-4e8b-8b44-85dc4aa13e9f/>,COMMERCIAL
<http://localhost/berlin/cityobject/UUID_af3636f2-435d-4a6c-8eec-5c76f5ce32d2/>,COMMERCIAL
<http://localhost/berlin/cityobject/UUID_5fef821d-6c66-4cee-8661-7c5033bb8460/>,COMMERCIAL
<http://localhost/berlin/cityobject/UUID_59cea18c-45ca-4262-a1e2-831f7a82b353/>,COMMERCIAL
<http://localhost/berlin/cityobject/UUID_b1b63f4e-7879-4192-af46-8f6f47fbb131/>,WHITE
<http://localhost/berlin/cityobject/UUID_bb4655b7-5014-4b99-ad3e-19b03e2fa1d9/>,COMMERCIAL
<http://localhost/berlin/cityobject/UUID_22aa8240-273e-4b56-ba60-19ba1d511649/>,COMMERCIAL
<http://localhost/berlin/cityobject/UUID_64af470f-a36e-407d-88b3-f4b70c2b7b75/>,WHITE
<http://localhost/berlin/cityobject/UUID_d243573e-c6bb-4b28-b9f0-e7c801301e96/>,WHITE
<http://localhost/berlin/cityobject/UUID_2daa094a-bc6c-43bd-bdec-576f52b01f68/>,RESIDENTIAL WITH COMMERCIAL AT 1ST STOREY
<http://localhost/berlin/cityobject/UUID_d8bcf540-0d79-4f5a-867d-0013956c3674/>,COMMERCIAL
<http://localhost/berlin/cityobject/UUID_6cfd06bc-3e4c-454a-babe-117b02f058c0/>,COMMERCIAL
<http://localhost/berlin/cityobject/UUID_6829e763-2bb2-4427-912d-cc9ac102710e/>,COMMERCIAL
<http://localhost/berlin/cityobject/UUID_61b61630-a231-4166-b5a5-04e091a2c9b1/>,WHITE
<http://localhost/berlin/cityobject/UUID_baaeb2f6-e03c-474a-9b80-6065482ea7b9/>,COMMERCIAL
<http://localhost/berlin/cityobject/UUID_f5a7a2d9-3159-4cc1-bcb9-d0abd74a2b13/>,WHITE
<http://localhost/berlin/cityobject/UUID_132f694e-9a9e-4450-962d-4555e4675488/>,COMMERCIAL
<http://localhost/berlin/cityobject/UUID_7c8c50f7-7c18-4d2c-a9fa-e6126cd37f22/>,COMMERCIAL
<http://localhost/berlin/cityobject/UUID_54a0752f-0789-4371-82b4-e89b629b3c1a/>,WHITE
<http://localhost/berlin/cityobject/UUID_884577e1-cdb4-4ded-ae2a-c509824965cb/>,WHITE
<http://localhost/berlin/cityobject/UUID_2b6314db-2d4b-47bd-b7c7-59d90488c40d/>,COMMERCIAL
<http://localhost/berlin/cityobject/UUID_25028b3c-607f-444c-84ea-65f75af0970f/>,COMMERCIAL
<http://localhost/berlin/cityobject/UUID_358f1e3c-cc0b-4f72-94c8-d3b92dd44982/>,COMMERCIAL
<http://localhost/berlin/cityobject/UUID_cebe3f6f-d9c7-4c56-a1b3-bddae8a329e9/>,COMMERCIAL
<http://localhost/berlin/cityobject/UUID_cf1597ff-0d65-49d4-97b6-fa4d2593aa94/>,WHITE
<http://localhost/berlin/cityobject/UUID_758c1b7b-3612-45d7-8ded-2dc5dfb42d27/>,WHITE
<http://localhost/berlin/cityobject/UUID_eca9a481-db1b-4ba6-b919-b68a604f65dd/>,RESIDENTIAL WITH COMMERCIAL AT 1ST STOREY
<http://localhost/berlin/cityobject/UUID_2f31b56f-6642-4c27-8dc5-695f1a553659/>,COMMERCIAL
<http://localhost/berlin/cityobject/UUID_b6874c15-6c8f-4c7d-a4d2-7b4289d43de1/>,COMMERCIAL
<http://localhost/berlin/cityobject/UUID_0b9b53ae-12a9-472c-b38d-b255ce957649/>,COMMERCIAL
<http://localhost/berlin/cityobject/UUID_6ecabf17-e0ff-4fd6-8c3d-1280aff6fdf1/>,COMMERCIAL
<http://localhost/berlin/cityobject/UUID_36cd4d4a-463e-4c71-953b-33b7f905ac8b/>,WHITE
<http://localhost/berlin/cityobject/UUID_8dedf878-d90d-4168-a901-1fa444f7bcee/>,WHITE
<http://localhost/berlin/cityobject/UUID_5e6c425e-fc7f-4ab7-abe4-2676c0923467/>,COMMERCIAL
<http://localhost/berlin/cityobject/UUID_69f81482-cdfa-4c51-b7c6-93ffdbe49a29/>,WHITE
<http://localhost/berlin/cityobject/UUID_5f14a2b1-5a52-4d31-a5cc-5954eb864f18/>,COMMERCIAL
<http://localhost/berlin/cityobject/UUID_3de72c03-c1ec-4a58-a369-ebe669c908ae/>,WHITE
<http://localhost/berlin/cityobject/UUID_81870a76-42db-4b4f-8054-4f11f3b25174/>,COMMERCIAL
<http://localhost/berlin/cityobject/UUID_eb1cb102-8185-4e9c-854c-a20baf9cd594/>,COMMERCIAL
<http://localhost/berlin/cityobject/UUID_75c8c202-2cff-4109-a31e-8da9194f613b/>,COMMERCIAL
<http://localhost/berlin/cityobject/UUID_c1eddd94-612a-4549-8068-71033dea32b6/>,COMMERCIAL
<http://localhost/berlin/cityobject/UUID_d2644734-f415-4cb2-b48b-827109088369/>,COMMERCIAL
<http://localhost/berlin/cityobject/UUID_918901c9-db9f-4bce-be3d-7f33d55d61a8/>,COMMERCIAL
<http://localhost/berlin/cityobject/UUID_38bdd34c-1402-427e-82f1-76e12ed2bd93/>,COMMERCIAL
<http://localhost/berlin/cityobject/UUID_a593d11f-1834-4c8c-9828-ca1ad3bd45e5/>,COMMERCIAL
<http://localhost/berlin/cityobject/UUID_d6342167-e0fd-4cbf-9723-9cae73f1fb60/>,COMMERCIAL
<http://localhost/berlin/cityobject/UUID_1ee2a352-081b-4b5c-93bd-3bd72ea9c201/>,COMMERCIAL
<http://localhost/berlin/cityobject/UUID_4aa86620-f998-4a30-8aa4-8c2442564546/>,COMMERCIAL
<http://localhost/berlin/cityobject/UUID_b779e1c5-6ad1-4dff-8317-f82aad27a993/>,COMMERCIAL
<http://localhost/berlin/cityobject/UUID_236647e7-9802-42ef-abf8-264f32fa083a/>,COMMERCIAL
<http://localhost/berlin/cityobject/UUID_c1250c71-22c6-4c0f-871e-e3ef609d71b4/>,COMMERCIAL
<http://localhost/berlin/cityobject/UUID_44015e84-e54f-4400-a24d-16b2f94e6190/>,COMMERCIAL
<http://localhost/berlin/cityobject/UUID_ffb33658-a363-4b80-ab20-2cfcc61c5fd9/>,COMMERCIAL
<http://localhost/berlin/cityobject/UUID_2f9f8552-7161-4348-9a6e-a6cb6ca5b5dd/>,COMMERCIAL
<http://localhost/berlin/cityobject/UUID_c70d2980-a5c9-4a18-9d9e-0df80feb71bd/>,COMMERCIAL
<http://localhost/berlin/cityobject/UUID_e8ba11c0-dac9-4e85-b501-ba0576097d00/>,COMMERCIAL
<http://localhost/berlin/cityobject/UUID_9bf75f16-263f-489d-9a74-559acbcefe12/>,COMMERCIAL
<http://localhost/berlin/cityobject/UUID_eba0ead9-eeaa-4aad-ab3c-22eddf226195/>,COMMERCIAL
<http://localhost/berlin/cityobject/UUID_65b9272f-63c6-45d5-88a5-1f5caf77de83/>,COMMERCIAL
<http://localhost/berlin/cityobject/UUID_6aa41004-856b-4c16-a8c7-1e6b4312b0ee/>,COMMERCIAL
<http://localhost/berlin/cityobject/UUID_627ea2e5-9db0-4a2c-97ba-00b975e68ddb/>,WHITE
<http://localhost/berlin/cityobject/UUID_f69887a2-4ad3-4f50-a533-f360cc4d3b1c/>,WHITE
<http://localhost/berlin/cityobject/UUID_6175c317-0244-4bed-b4b9-9e5faa7c337d/>,COMMERCIAL
<http://localhost/berlin/cityobject/UUID_2733d586-f0d0-496a-aa71-18da8f2b6ce0/>,COMMERCIAL
<http://localhost/berlin/cityobject/UUID_fc19aad8-d2c2-4bde-b45a-b157a9f10a81/>,WHITE
<http://localhost/berlin/cityobject/UUID_703beb14-67c8-41d1-a431-162e2fd2224f/>,COMMERCIAL
<http://localhost/berlin/cityobject/UUID_d627f565-7f3a-4daa-a80f-88f0c9d3ae24/>,COMMERCIAL
<http://localhost/berlin/cityobject/UUID_caec1dfa-77d6-41eb-a5a4-2c1a1eb1b325/>,WHITE
<http://localhost/berlin/cityobject/UUID_761e6154-fde7-4a9f-ad5a-30c5a5df9065/>,COMMERCIAL
<http://localhost/berlin/cityobject/UUID_63b03661-6872-4859-b407-63aa1513b9b9/>,WHITE
<http://localhost/berlin/cityobject/UUID_5e770a5d-a0a7-4c16-9c94-3490847a6f27/>,COMMERCIAL
<http://localhost/berlin/cityobject/UUID_fbf326c5-fba8-459e-b220-d77c89eceba9/>,COMMERCIAL
<http://localhost/berlin/cityobject/UUID_4fd83b17-ffed-403f-ae96-aa16c58ac943/>,WHITE
<http://localhost/berlin/cityobject/UUID_83b3e148-38d1-46d2-a12d-b51b6f261f10/>,COMMERCIAL
<http://localhost/berlin/cityobject/UUID_07df4849-f558-427c-824c-72c942a96cd2/>,COMMERCIAL
<http://localhost/berlin/cityobject/UUID_4971df2f-5422-4b72-a5c1-908740251c76/>,COMMERCIAL
<http://localhost/berlin/cityobject/UUID_09d2daf1-fe91-41ed-8eab-c6b99a087c08/>,COMMERCIAL
<http://localhost/berlin/cityobject/UUID_6d183f34-9c8f-47f4-80b4-f3b513f0a085/>,COMMERCIAL
<http://localhost/berlin/cityobject/UUID_dd9118cf-09fd-4ac3-9747-c6bebc676e2e/>,COMMERCIAL
<http://localhost/berlin/cityobject/UUID_a67778a2-9b12-4759-88fa-08b12eb701a2/>,COMMERCIAL
<http://localhost/berlin/cityobject/UUID_309303e7-ad05-459b-93ab-60c44e133fb8/>,COMMERCIAL
<http://localhost/berlin/cityobject/UUID_e6fd254d-ea85-48b9-8ddb-d41d22cb36dd/>,COMMERCIAL
<http://localhost/berlin/cityobject/UUID_850b79bd-1db0-4fb2-b6c4-d1fd5cdf8327/>,COMMERCIAL
<http://localhost/berlin/cityobject/UUID_555f307a-237a-4efe-9269-5ce51416ad7c/>,WHITE
<http://localhost/berlin/cityobject/UUID_409d5706-1d56-4dce-8a1d-f9aa90711688/>,WHITE
<http://localhost/berlin/cityobject/UUID_67f8e390-88e3-4013-ab71-be7a59ec6a1d/>,COMMERCIAL
<http://localhost/berlin/cityobject/UUID_cc537fda-3dc7-48ad-9a43-8640e7310298/>,COMMERCIAL
<http://localhost/berlin/cityobject/UUID_adaff468-052e-4e3e-a2c1-269b571412a7/>,COMMERCIAL
<http://localhost/berlin/cityobject/UUID_d4ee59b6-4ed8-4a07-9db5-f6f8e6325da1/>,WHITE
<http://localhost/berlin/cityobject/UUID_30734336-d360-4da4-bf4c-36ecdd05e694/>,COMMERCIAL
<http://localhost/berlin/cityobject/UUID_83edf24b-f0d5-485f-a5c4-9c700f1d1a9f/>,COMMERCIAL
<http://localhost/berlin/cityobject/UUID_14d8dd04-5939-4d26-b39f-d297b0438d7d/>,COMMERCIAL
<http://localhost/berlin/cityobject/UUID_8ad931ee-493f-4093-bfae-5c1c5bf222d2/>,COMMERCIAL
<http://localhost/berlin/cityobject/UUID_fa9a14bb-ac05-4389-889d-bc5aa951241d/>,COMMERCIAL
<http://localhost/berlin/cityobject/UUID_184da8d9-3215-4776-9f5c-e191d38768b8/>,COMMERCIAL
<http://localhost/berlin/cityobject/UUID_5a3799a2-8bc9-492c-9b2d-662eef888163/>,COMMERCIAL
<http://localhost/berlin/cityobject/UUID_852b5cbe-9b17-4ace-ba95-1ddf7697df3b/>,COMMERCIAL
<http://localhost/berlin/cityobject/UUID_a575b5ca-7c6d-4425-a09a-c4c780ca7d4a/>,COMMERCIAL
<http://localhost/berlin/cityobject/UUID_3ee6cc4e-5468-48be-83f7-2bfbc5237741/>,COMMERCIAL
<http://localhost/berlin/cityobject/UUID_9109a106-5cfe-430c-9f96-5649ba4007a6/>,COMMERCIAL
<http://localhost/berlin/cityobject/UUID_12dcc2bc-85af-4dbe-9493-32ba790a6b36/>,COMMERCIAL
<http://localhost/berlin/cityobject/UUID_10001449-f486-4b84-8452-582bf2ab26c8/>,COMMERCIAL
<http://localhost/berlin/cityobject/UUID_d2587502-fba4-40cb-a17d-cc57a6ffe258/>,COMMERCIAL
<http://localhost/berlin/cityobject/UUID_723cf102-23f2-4969-9856-4da2816d0de4/>,COMMERCIAL
<http://localhost/berlin/cityobject/UUID_1a43069d-c55d-4caf-a6f7-0e243f107b07/>,COMMERCIAL
<http://localhost/berlin/cityobject/UUID_1f5aed85-acf7-4eb2-8a7a-6e55bdea7247/>,COMMERCIAL
<http://localhost/berlin/cityobject/UUID_ed9337c1-10db-4eb4-8282-82e9747fc342/>,COMMERCIAL
<http://localhost/berlin/cityobject/UUID_856da584-4cfb-4b1a-8052-2202b239777f/>,COMMERCIAL & RESIDENTIAL
<http://localhost/berlin/cityobject/UUID_e89569b9-e61e-4d5c-9d8c-06eb81ca489f/>,COMMERCIAL
<http://localhost/berlin/cityobject/UUID_39b97281-f667-4e2b-8b27-22e71195f628/>,COMMERCIAL
<http://localhost/berlin/cityobject/UUID_bfabc522-7c9e-42ec-9dae-05c8e684f5a4/>,COMMERCIAL
<http://localhost/berlin/cityobject/UUID_69a9d4c0-89e9-4de1-819c-0d114bfff6fe/>,WHITE
<http://localhost/berlin/cityobject/UUID_34eb8c32-166d-4f0d-8ebe-f3d1a7d12f44/>,COMMERCIAL
<http://localhost/berlin/cityobject/UUID_545cf0ea-0c66-4f87-a3ca-3b1914f3a410/>,COMMERCIAL
<http://localhost/berlin/cityobject/UUID_63a33239-0fa7-43df-af11-ebf09de7f5ad/>,COMMERCIAL
<http://localhost/berlin/cityobject/UUID_59244a6e-3df0-4d39-acce-2b332cb987f3/>,COMMERCIAL
<http://localhost/berlin/cityobject/UUID_e5601998-3e98-4370-af06-d0b31df0bb6a/>,COMMERCIAL
<http://localhost/berlin/cityobject/UUID_91d76413-0bbe-4502-82e6-019c31386a08/>,COMMERCIAL
<http://localhost/berlin/cityobject/UUID_73f4156f-f439-4054-9c26-f1d098ab0194/>,COMMERCIAL
<http://localhost/berlin/cityobject/UUID_34691115-99b7-461e-8bb8-4049c5668c32/>,COMMERCIAL
<http://localhost/berlin/cityobject/UUID_bb94ffc1-eff5-45cd-9260-1cfb9f4e5a21/>,COMMERCIAL
<http://localhost/berlin/cityobject/UUID_2bdb2aa2-b663-4367-8712-60152cafe7f3/>,COMMERCIAL
<http://localhost/berlin/cityobject/UUID_bcd6c295-5770-4e21-84c7-07edefbb17cb/>,COMMERCIAL
<http://localhost/berlin/cityobject/UUID_73236f9b-fa70-41b5-a0df-d7ff1ae2f500/>,COMMERCIAL
<http://localhost/berlin/cityobject/UUID_8f189c44-b8dd-47ab-8216-ea4f290686e6/>,COMMERCIAL
<http://localhost/berlin/cityobject/UUID_95838c59-6059-4941-bafa-180f53d7daa9/>,COMMERCIAL
<http://localhost/berlin/cityobject/UUID_b7198b29-71dd-4c52-a125-70e3d995a5a2/>,COMMERCIAL
<http://localhost/berlin/cityobject/UUID_e8fbc4fe-c586-49c6-9771-f14bbb6827c4/>,COMMERCIAL
<http://localhost/berlin/cityobject/UUID_e826b5f3-99c2-4cd0-b4e0-114c45cea6ff/>,COMMERCIAL
<http://localhost/berlin/cityobject/UUID_84c9a8fe-b846-44b9-81dd-c9c00388d647/>,COMMERCIAL
<http://localhost/berlin/cityobject/UUID_57503e8d-447e-4378-b5f9-f9bda70e03b4/>,HOTEL
<http://localhost/berlin/cityobject/UUID_20580300-1282-498f-899c-2611fe89c0fb/>,COMMERCIAL
<http://localhost/berlin/cityobject/UUID_cdf561f9-8288-42c9-89d6-b00d004970ff/>,COMMERCIAL
<http://localhost/berlin/cityobject/UUID_3e3d26d1-19a4-4d7d-9910-12f53b737f83/>,COMMERCIAL
<http://localhost/berlin/cityobject/UUID_dd6424a8-1e1b-4b84-9a6f-fafc8fea0d92/>,COMMERCIAL
<http://localhost/berlin/cityobject/UUID_a0c376de-b94f-4f2b-88ef-481f4fbcfe5b/>,COMMERCIAL
<http://localhost/berlin/cityobject/UUID_d086af75-ca3c-4f21-9904-78d6ef44106b/>,WHITE
<http://localhost/berlin/cityobject/UUID_2c515997-086f-43b8-86f1-1e694c3aa672/>,COMMERCIAL
<http://localhost/berlin/cityobject/UUID_f145b0fb-9804-45ea-b5ae-009d9d47e3a0/>,WHITE
<http://localhost/berlin/cityobject/UUID_a0d82fbd-e182-40e9-bf44-f98802a9bc3d/>,COMMERCIAL
<http://localhost/berlin/cityobject/UUID_427100f2-cf5c-4372-9348-1daa996a4444/>,COMMERCIAL
<http://localhost/berlin/cityobject/UUID_cfafc203-9ba5-4062-9a28-e653ced58940/>,WHITE
<http://localhost/berlin/cityobject/UUID_b021c7bb-2730-422d-99e6-f0044940b3c5/>,COMMERCIAL
<http://localhost/berlin/cityobject/UUID_728680ac-f16b-4744-91fd-396026a19088/>,WHITE
<http://localhost/berlin/cityobject/UUID_a08e67ec-9234-48fe-9d73-5f85d54fdc70/>,COMMERCIAL
<http://localhost/berlin/cityobject/UUID_93a8f363-37ea-47da-be74-aaf584d7d7c3/>,WHITE
<http://localhost/berlin/cityobject/UUID_a9d3c14c-2a80-4ac1-89e3-93563586c39f/>,COMMERCIAL
<http://localhost/berlin/cityobject/UUID_1e2a42db-e17d-45f7-93ca-f534eef6fd0a/>,COMMERCIAL
<http://localhost/berlin/cityobject/UUID_9247a7bc-9d73-4114-9473-988f39c2030b/>,COMMERCIAL
<http://localhost/berlin/cityobject/UUID_54411718-cb5e-4a3d-99ae-df16c065a2a5/>,COMMERCIAL
<http://localhost/berlin/cityobject/UUID_e7da7e28-9c08-49ea-be5c-9f1387d851cd/>,COMMERCIAL
<http://localhost/berlin/cityobject/UUID_06a62a72-4cd6-4347-9dba-f19b82c22c73/>,WHITE
<http://localhost/berlin/cityobject/UUID_de373788-b536-4fb0-9a86-97c1b72c96cb/>,COMMERCIAL
<http://localhost/berlin/cityobject/UUID_f0da690d-e76b-4978-8691-76e924ab61dc/>,COMMERCIAL
<http://localhost/berlin/cityobject/UUID_533afdcb-3f1d-4a97-8ff2-135c6377b2ac/>,WHITE
<http://localhost/berlin/cityobject/UUID_53f737b3-4303-4114-8da8-71843877d9ec/>,COMMERCIAL
<http://localhost/berlin/cityobject/UUID_2f301cda-aa56-4035-8d1d-084563d2a973/>,COMMERCIAL
<http://localhost/berlin/cityobject/UUID_d72ec836-299e-48f7-a3e5-f80cc2439fcb/>,COMMERCIAL
<http://localhost/berlin/cityobject/UUID_0f80123c-5946-4ebd-9e53-8712147310f7/>,COMMERCIAL
<http://localhost/berlin/cityobject/UUID_4632fe21-eced-4e41-8272-7da882fb8d80/>,COMMERCIAL
<http://localhost/berlin/cityobject/UUID_30f346ca-cd1c-4c2e-b9b8-899f8edf9951/>,COMMERCIAL
<http://localhost/berlin/cityobject/UUID_e1824852-ea6f-4b1c-a90c-c31b76359820/>,COMMERCIAL
<http://localhost/berlin/cityobject/UUID_8478fa9c-6220-4826-852e-06cceb8ab8cd/>,COMMERCIAL
<http://localhost/berlin/cityobject/UUID_9170c416-a855-4f92-bc49-1a03f42f4937/>,COMMERCIAL
<http://localhost/berlin/cityobject/UUID_1467c2ea-bf27-4b76-9aa0-de72ff90a576/>,COMMERCIAL
<http://localhost/berlin/cityobject/UUID_525b017b-37cf-4f6a-83a8-a32b9380713a/>,COMMERCIAL
<http://localhost/berlin/cityobject/UUID_0b7a2c13-1fa4-41a4-a102-d2c11a69e84d/>,COMMERCIAL
<http://localhost/berlin/cityobject/UUID_256ad231-4039-4a8d-b793-4290374313ff/>,COMMERCIAL
<http://localhost/berlin/cityobject/UUID_e929f50b-3555-4554-88eb-576f7555d848/>,COMMERCIAL
<http://localhost/berlin/cityobject/UUID_a5427c35-85bb-4e8e-a208-a90f1ab2e942/>,COMMERCIAL
<http://localhost/berlin/cityobject/UUID_52e7f8c5-dacc-41ae-b5ed-ccf111a16fb7/>,COMMERCIAL
<http://localhost/berlin/cityobject/UUID_b4c1d39c-7619-4b50-854b-32e35c5ef0d5/>,COMMERCIAL
<http://localhost/berlin/cityobject/UUID_e5f0cb30-30fb-4f03-8124-164c7693512a/>,COMMERCIAL
<http://localhost/berlin/cityobject/UUID_ba4b7491-79d0-4b5e-85f6-2be015a9ae15/>,COMMERCIAL
<http://localhost/berlin/cityobject/UUID_2e88a5c3-4a0d-4bd6-abff-c17737479b73/>,COMMERCIAL
<http://localhost/berlin/cityobject/UUID_16a308b0-82a6-479d-8749-9ff31e8bf36a/>,COMMERCIAL
<http://localhost/berlin/cityobject/UUID_c77ccd51-6ad8-4fc5-be12-9ec2fee7e4d3/>,COMMERCIAL
<http://localhost/berlin/cityobject/UUID_4c4432c0-de0e-4502-bc93-de354c901a9b/>,COMMERCIAL
<http://localhost/berlin/cityobject/UUID_318e36d1-ba18-4adc-b538-6f1869a85123/>,COMMERCIAL
<http://localhost/berlin/cityobject/UUID_7b4e88fd-4b6d-4f8a-920d-ae5f52067eae/>,COMMERCIAL
<http://localhost/berlin/cityobject/UUID_0efef601-2cf5-4f76-a588-a8a17cc933ca/>,COMMERCIAL
<http://localhost/berlin/cityobject/UUID_3b9cdf86-add4-43e7-9c19-b595c019ed12/>,COMMERCIAL
<http://localhost/berlin/cityobject/UUID_356b293d-c1d8-4709-84d2-31b340a52f1e/>,COMMERCIAL
<http://localhost/berlin/cityobject/UUID_65295937-ab63-4cb1-a648-56602c318b5c/>,COMMERCIAL
<http://localhost/berlin/cityobject/UUID_d44e2707-5d84-4bcf-a527-f1fbb501900b/>,COMMERCIAL
<http://localhost/berlin/cityobject/UUID_ff9b0b45-4387-447e-a0d8-b3b3f11e4798/>,COMMERCIAL
<http://localhost/berlin/cityobject/UUID_489eb935-99fe-4766-be8f-603a044be281/>,COMMERCIAL
<http://localhost/berlin/cityobject/UUID_b3460ff0-7ae1-43a2-ac68-926e1ac8c651/>,COMMERCIAL
<http://localhost/berlin/cityobject/UUID_c195689a-7e57-4a88-b33f-36724635b166/>,WHITE
<http://localhost/berlin/cityobject/UUID_35b36f4d-53fa-4e14-80fc-aa660e6521a4/>,COMMERCIAL
<http://localhost/berlin/cityobject/UUID_6b881542-4250-4fbe-8382-5c2f1e3acbfa/>,COMMERCIAL
<http://localhost/berlin/cityobject/UUID_c133c65a-07c2-4ce1-9158-ece159cb67d9/>,COMMERCIAL
<http://localhost/berlin/cityobject/UUID_094fe4e6-2279-445b-99c1-0237f52aae40/>,COMMERCIAL
<http://localhost/berlin/cityobject/UUID_f3b5db40-f08c-45d3-99a7-3b210697d539/>,COMMERCIAL
<http://localhost/berlin/cityobject/UUID_1568b59e-fd86-4289-b74c-160fcef14a3a/>,WHITE
<http://localhost/berlin/cityobject/UUID_32172c58-cc0e-4217-acd3-5a0e668edbc5/>,COMMERCIAL
<http://localhost/berlin/cityobject/UUID_49b30a09-5b2d-4ace-85a3-f9888fba1ff7/>,COMMERCIAL
<http://localhost/berlin/cityobject/UUID_c393d00e-729d-4ab0-8208-bf2ce97c4cb4/>,COMMERCIAL
<http://localhost/berlin/cityobject/UUID_09fc1ed6-56e6-408d-b9f7-d03f1ee61da7/>,COMMERCIAL
<http://localhost/berlin/cityobject/UUID_3adf807e-e5c7-44d0-8df9-e05f42f48879/>,COMMERCIAL
<http://localhost/berlin/cityobject/UUID_d0c03a5a-bdfa-4ecc-ad75-aa3891b9a4c3/>,COMMERCIAL
<http://localhost/berlin/cityobject/UUID_6e4bcd4c-c67d-4eb5-89dc-01a4fdd8079a/>,COMMERCIAL
<http://localhost/berlin/cityobject/UUID_6609456f-7378-4e1b-b9ae-4fd80e5afa97/>,COMMERCIAL
<http://localhost/berlin/cityobject/UUID_88ef0d3c-e770-4eba-a9a4-c4e635e1fde9/>,WHITE
<http://localhost/berlin/cityobject/UUID_dfe84403-8206-4094-8675-8853f7b77df0/>,COMMERCIAL
<http://localhost/berlin/cityobject/UUID_10754aab-4c6c-49e2-82f8-08da1c87aef2/>,COMMERCIAL
<http://localhost/berlin/cityobject/UUID_6f0a74aa-1e6c-4d1d-87d2-07e8926e0aa5/>,COMMERCIAL
<http://localhost/berlin/cityobject/UUID_fd92c274-9dda-410d-9264-0c545871ed10/>,COMMERCIAL
<http://localhost/berlin/cityobject/UUID_047b8183-437b-4d12-9cfc-18c6db15e04e/>,COMMERCIAL
<http://localhost/berlin/cityobject/UUID_a35e211a-a836-4bca-9651-11c5dac7a4f8/>,COMMERCIAL
<http://localhost/berlin/cityobject/UUID_08937796-1c2b-45b7-8ff1-731aed18342c/>,COMMERCIAL
<http://localhost/berlin/cityobject/UUID_3916b6f2-1718-41ae-9ea1-f062b13d7194/>,COMMERCIAL
<http://localhost/berlin/cityobject/UUID_6b6bcf82-fb2f-4147-b047-8b82c68705f7/>,COMMERCIAL
<http://localhost/berlin/cityobject/UUID_972233f9-6544-41ce-9279-3c3643fb3970/>,COMMERCIAL
<http://localhost/berlin/cityobject/UUID_bfaaa7a7-fbb1-4cdc-b544-0bf5118b2037/>,COMMERCIAL
<http://localhost/berlin/cityobject/UUID_2ebbc8c6-4d75-4225-8cbd-00e176694afe/>,COMMERCIAL
<http://localhost/berlin/cityobject/UUID_544b8160-20af-48cc-85fa-e25344b8ddc3/>,COMMERCIAL
<http://localhost/berlin/cityobject/UUID_4e6a1766-4486-432a-bf29-c32b971b630e/>,COMMERCIAL
<http://localhost/berlin/cityobject/UUID_896937a4-d963-4631-8939-713c81ebfd48/>,COMMERCIAL
<http://localhost/berlin/cityobject/UUID_0fd0c484-f0fd-42b6-bc84-8f7e00a001e6/>,COMMERCIAL
<http://localhost/berlin/cityobject/UUID_71f15a51-d9b9-419b-ac7f-d25753df42df/>,COMMERCIAL
<http://localhost/berlin/cityobject/UUID_9a2fbcc1-c07f-4e8b-8b44-85dc4aa13e9f/>,COMMERCIAL
<http://localhost/berlin/cityobject/UUID_af3636f2-435d-4a6c-8eec-5c76f5ce32d2/>,COMMERCIAL
<http://localhost/berlin/cityobject/UUID_5fef821d-6c66-4cee-8661-7c5033bb8460/>,COMMERCIAL
<http://localhost/berlin/cityobject/UUID_140070ed-812e-44c6-a589-aec295b4155a/>,COMMERCIAL
<http://localhost/berlin/cityobject/UUID_a65cfec6-4bf4-44e5-93fb-73b088c47c78/>,COMMERCIAL
<http://localhost/berlin/cityobject/UUID_0ee385bb-5372-4246-a156-d013d2bdbe20/>,COMMERCIAL
<http://localhost/berlin/cityobject/UUID_da8b7635-9944-47fd-9849-23f13dc01e29/>,COMMERCIAL
<http://localhost/berlin/cityobject/UUID_62df0cd0-cc75-4a7d-894a-cb680180463d/>,COMMERCIAL
<http://localhost/berlin/cityobject/UUID_d0c558d2-b492-45ac-9aa8-779f17e6490f/>,COMMERCIAL
<http://localhost/berlin/cityobject/UUID_e743a550-51f0-482a-b352-5033f99ffda5/>,COMMERCIAL
<http://localhost/berlin/cityobject/UUID_5ae19d5c-2ab2-4f23-9b69-7feffb705dff/>,COMMERCIAL
<http://localhost/berlin/cityobject/UUID_0845ab10-e536-41a7-b0d6-9512543d5737/>,COMMERCIAL
<http://localhost/berlin/cityobject/UUID_18bfd571-e088-4d22-8881-3a7ae86e787c/>,COMMERCIAL
<http://localhost/berlin/cityobject/UUID_16fd6cc9-f7e7-4ff1-a7f9-a1dae0d3acbc/>,COMMERCIAL
<http://localhost/berlin/cityobject/UUID_0e11068d-2cb2-4c78-abeb-330bea4af597/>,COMMERCIAL
<http://localhost/berlin/cityobject/UUID_d4f22d73-9303-406a-923e-b4ac49b86bb3/>,COMMERCIAL
<http://localhost/berlin/cityobject/UUID_9fb744ad-9529-4617-a706-f01aacc6d721/>,COMMERCIAL
<http://localhost/berlin/cityobject/UUID_476b0526-74ae-4f69-aa80-c146c00cdae2/>,COMMERCIAL
<http://localhost/berlin/cityobject/UUID_a8b2dba4-b63c-4607-9ce0-a67651250f62/>,COMMERCIAL
<http://localhost/berlin/cityobject/UUID_dbdd2840-2cf3-4069-b520-61ce0a089d93/>,COMMERCIAL
<http://localhost/berlin/cityobject/UUID_b2243266-f442-401c-9d7d-d2de452d3192/>,COMMERCIAL
<http://localhost/berlin/cityobject/UUID_0cf486e7-224a-40eb-a2a4-e569dc2b0f15/>,COMMERCIAL
<http://localhost/berlin/cityobject/UUID_12e0140c-19fa-4e76-aaa4-62327102d4db/>,COMMERCIAL
<http://localhost/berlin/cityobject/UUID_dd303f4e-7b18-4609-8567-34f09a601cf1/>,COMMERCIAL
<http://localhost/berlin/cityobject/UUID_b19a8ab0-7b25-4677-a2a6-1fbdc13ef62c/>,COMMERCIAL
<http://localhost/berlin/cityobject/UUID_4c7457b5-706a-4f54-b372-be34dfaa4bbb/>,COMMERCIAL
<http://localhost/berlin/cityobject/UUID_eb06fcd7-fd2d-4b28-84ac-796f6d947891/>,COMMERCIAL
<http://localhost/berlin/cityobject/UUID_d657bf43-4e03-472e-bb30-b1b9b35be3cf/>,COMMERCIAL
<http://localhost/berlin/cityobject/UUID_1ba98720-6374-42e6-a212-1a301cd21412/>,COMMERCIAL
<http://localhost/berlin/cityobject/UUID_a9323da7-d81f-4ad2-a97c-740858bd9414/>,COMMERCIAL
<http://localhost/berlin/cityobject/UUID_9552d759-40a4-46fe-b3ae-dad0079c8692/>,COMMERCIAL
<http://localhost/berlin/cityobject/UUID_80d6881b-1922-446e-9268-2c63edb07201/>,COMMERCIAL
<http://localhost/berlin/cityobject/UUID_8bc4b4fc-9d07-4c79-b7e0-e7cf9f223f21/>,COMMERCIAL
<http://localhost/berlin/cityobject/UUID_474d0de1-b299-45e3-a879-917d5b4d803f/>,COMMERCIAL
<http://localhost/berlin/cityobject/UUID_7d726c9f-2c07-45e8-948d-59f95860adbd/>,COMMERCIAL
<http://localhost/berlin/cityobject/UUID_d7c8c5f3-dfe3-4e29-aacc-7de03ef555b4/>,COMMERCIAL
<http://localhost/berlin/cityobject/UUID_a42fd7fd-5709-4970-a8e4-bc52577df3b2/>,COMMERCIAL
<http://localhost/berlin/cityobject/UUID_180eaf28-84e0-47b1-bd05-bfa126814de6/>,COMMERCIAL
<http://localhost/berlin/cityobject/UUID_d29c7255-fb5f-4001-855d-3ece9c902de0/>,COMMERCIAL
<http://localhost/berlin/cityobject/UUID_5841dfd7-7f8a-4e9d-b0ce-81bb956202aa/>,COMMERCIAL
<http://localhost/berlin/cityobject/UUID_c9293b9b-609e-4d53-826c-d67aa024a4fa/>,COMMERCIAL
<http://localhost/berlin/cityobject/UUID_d3433e82-0ae2-4aa6-aa3f-706894a42051/>,COMMERCIAL
<http://localhost/berlin/cityobject/UUID_949f9360-b580-48b4-9abe-69ca1ba993ce/>,COMMERCIAL
<http://localhost/berlin/cityobject/UUID_1813a057-006a-4576-9425-9e17917fd69f/>,COMMERCIAL
<http://localhost/berlin/cityobject/UUID_9d5bd54d-6c68-4600-a4b3-f81a3230952f/>,COMMERCIAL
<http://localhost/berlin/cityobject/UUID_4ba9bcdc-06d1-478f-b503-da2123460b3c/>,WHITE
<http://localhost/berlin/cityobject/UUID_552b218a-63b2-4208-b882-24fa766519e2/>,COMMERCIAL
<http://localhost/berlin/cityobject/UUID_b2beb012-91c9-482a-806d-e3b255ca2b5f/>,COMMERCIAL
<http://localhost/berlin/cityobject/UUID_59cea18c-45ca-4262-a1e2-831f7a82b353/>,COMMERCIAL
<http://localhost/berlin/cityobject/UUID_0fa3ef18-43e1-4a7e-8040-f8350c6de953/>,COMMERCIAL
<http://localhost/berlin/cityobject/UUID_41c9a043-c241-421a-a290-3b92f255fbad/>,COMMERCIAL
<http://localhost/berlin/cityobject/UUID_5dfd13bc-b049-4627-9eaa-a983b0d68bc2/>,COMMERCIAL
<http://localhost/berlin/cityobject/UUID_b38fdf7a-faa8-4abb-9e2b-def1fc6c021f/>,COMMERCIAL
<http://localhost/berlin/cityobject/UUID_c2f21482-80bc-40cd-be21-ff38cdfb0d31/>,COMMERCIAL
<http://localhost/berlin/cityobject/UUID_3b0afd9d-24b9-40e5-bb79-6b693dcf8e9c/>,COMMERCIAL
<http://localhost/berlin/cityobject/UUID_7e745456-c207-4976-aa47-621d9b043b72/>,COMMERCIAL
<http://localhost/berlin/cityobject/UUID_b78d4e12-cd46-4733-a877-583c3406e378/>,COMMERCIAL
<http://localhost/berlin/cityobject/UUID_ce02a708-14a8-4962-a35b-c697a03ec876/>,COMMERCIAL
<http://localhost/berlin/cityobject/UUID_e81f39f5-8edc-4bf8-ac0a-c20cc8ee9c98/>,COMMERCIAL
<http://localhost/berlin/cityobject/UUID_607c3357-6eef-4b10-9852-10197359fe26/>,COMMERCIAL
<http://localhost/berlin/cityobject/UUID_8d05c9b9-163b-4f01-9b65-6e4cabcf8196/>,COMMERCIAL
<http://localhost/berlin/cityobject/UUID_414578ff-89a1-4806-a34d-eba802629332/>,COMMERCIAL
<http://localhost/berlin/cityobject/UUID_94ca7af4-3fbf-479b-b202-ee4c94cbd6fc/>,COMMERCIAL
<http://localhost/berlin/cityobject/UUID_288e295f-2815-4582-80b9-3349d2790758/>,WHITE
